word,human.type.biggest,human.type.p1,human.type.p2,human.type.p3,human.type.p4,human.type.p5,human.type.pUnseen,human.token.biggest,human.token.p1,human.token.p2,human.token.p3,human.token.p4,human.token.p5,human.token.pUnseen,algo.type.biggest,algo.type.p1,algo.type.p2,algo.type.p3,algo.type.p4,algo.type.p5,algo.type.pUnseen,algo.token.biggest,algo.token.p1,algo.token.p2,algo.token.p3,algo.token.p4,algo.token.p5,algo.token.pUnseen
nap,90,90,0,0,0,0,9,98,98,0,0,0,0,1,72,72,27,0,0,0,0,94,94,5,0,0,0,0
fly,57,42,57,0,0,0,0,75,24,75,0,0,0,0,52,42,52,0,0,0,0,69,26,69,0,0,0,0
cop,93,6,93,0,0,0,0,91,8,91,0,0,0,0,62,18,62,18,0,0,0,82,5,82,11,0,0,0
trace,100,100,0,0,0,0,0,100,100,0,0,0,0,0,85,85,0,0,0,0,0,94,94,0,0,0,0,0
sheet,100,100,0,0,0,0,0,100,100,0,0,0,0,0,100,100,0,0,0,0,0,100,100,0,0,0,0,0
policy,78,78,14,0,0,0,7,87,87,9,0,0,0,2,85,85,14,0,0,0,0,90,90,9,0,0,0,0
console,52,52,47,0,0,0,0,56,43,56,0,0,0,0,47,47,41,0,0,0,0,50,41,50,0,0,0,0
reef,100,100,0,0,0,0,0,100,100,0,0,0,0,0,100,100,0,0,0,0,0,100,100,0,0,0,0,0
reel,100,100,0,0,0,0,0,100,100,0,0,0,0,0,72,72,27,0,0,0,0,95,95,4,0,0,0,0
refuse,88,88,11,0,0,0,0,93,93,6,0,0,0,0,72,72,11,0,0,0,0,48,48,6,0,0,0,0
press,100,100,0,0,0,0,0,100,100,0,0,0,0,0,94,94,5,0,0,0,0,95,95,4,0,0,0,0
painter,100,100,0,0,0,0,0,100,100,0,0,0,0,0,73,73,17,0,0,0,0,87,87,7,0,0,0,0
bluff,73,26,73,0,0,0,0,86,13,86,0,0,0,0,60,33,60,0,0,0,0,81,16,81,0,0,0,0
hop,100,100,0,0,0,0,0,100,100,0,0,0,0,0,50,50,50,0,0,0,0,78,78,21,0,0,0,0
stripe,91,91,8,0,0,0,0,96,96,3,0,0,0,0,86,86,13,0,0,0,0,91,91,8,0,0,0,0
rag,88,88,5,5,0,0,0,95,95,1,3,0,0,0,83,83,11,0,0,0,0,93,93,3,0,0,0,0
rose,100,100,0,0,0,0,0,100,100,0,0,0,0,0,70,70,20,0,0,0,0,88,88,8,0,0,0,0
bay,93,93,6,0,0,0,0,97,97,2,0,0,0,0,86,86,13,0,0,0,0,96,96,3,0,0,0,0
liver,100,100,0,0,0,0,0,100,100,0,0,0,0,0,83,83,11,0,0,0,0,88,88,9,0,0,0,0
rubber,95,95,0,0,0,0,5,98,98,0,0,0,0,1,75,75,20,0,0,0,0,63,63,35,0,0,0,0
flat,94,94,5,0,0,0,0,90,90,9,0,0,0,0,78,78,21,0,0,0,0,80,80,19,0,0,0,0
stem,100,100,0,0,0,0,0,100,100,0,0,0,0,0,100,100,0,0,0,0,0,100,100,0,0,0,0,0
cape,75,75,25,0,0,0,0,86,86,13,0,0,0,0,50,50,40,0,0,0,0,63,29,63,0,0,0,0
rent,100,100,0,0,0,0,0,100,100,0,0,0,0,0,86,86,6,0,0,0,0,83,83,5,0,0,0,0
bang,100,100,0,0,0,0,0,100,100,0,0,0,0,0,82,82,11,0,0,0,0,93,93,4,0,0,0,0
sow,60,60,20,0,0,0,20,44,36,44,0,0,0,19,66,66,33,0,0,0,0,65,34,65,0,0,0,0
crash,100,100,0,0,0,0,0,100,100,0,0,0,0,0,100,100,0,0,0,0,0,100,100,0,0,0,0,0
pen,100,100,0,0,0,0,0,100,100,0,0,0,0,0,100,100,0,0,0,0,0,100,100,0,0,0,0,0
temple,83,83,16,0,0,0,0,87,87,12,0,0,0,0,75,75,16,0,0,0,0,85,85,12,0,0,0,0
shag,70,70,10,0,0,0,10,87,87,1,0,0,0,1,80,80,20,0,0,0,0,89,89,10,0,0,0,0
roach,100,100,0,0,0,0,0,100,100,0,0,0,0,0,58,58,35,0,0,0,0,77,77,19,0,0,0,0
lighter,80,80,10,0,0,0,10,91,91,5,0,0,0,3,70,70,10,0,0,0,0,89,89,5,0,0,0,0
cow,100,100,0,0,0,0,0,100,100,0,0,0,0,0,90,90,0,0,0,0,0,93,93,0,0,0,0,0
lash,100,100,0,0,0,0,0,100,100,0,0,0,0,0,78,78,14,0,0,0,0,87,87,3,0,0,0,0
rake,100,100,0,0,0,0,0,100,100,0,0,0,0,0,77,77,0,11,0,0,0,90,90,0,4,0,0,0
strip,76,76,23,0,0,0,0,84,84,15,0,0,0,0,65,26,65,0,0,0,0,75,19,75,0,0,0,0
van,100,0,100,0,0,0,0,100,0,100,0,0,0,0,100,0,100,0,0,0,0,100,0,100,0,0,0,0
bent,100,100,0,0,0,0,0,100,100,0,0,0,0,0,71,71,14,0,0,0,0,72,72,5,0,0,0,0
burden,100,100,0,0,0,0,0,100,100,0,0,0,0,0,94,94,5,0,0,0,0,96,96,3,0,0,0,0
quail,100,100,0,0,0,0,0,100,100,0,0,0,0,0,80,80,10,0,0,0,0,96,96,1,0,0,0,0
rate,100,100,0,0,0,0,0,100,100,0,0,0,0,0,100,100,0,0,0,0,0,100,100,0,0,0,0,0
tip,47,47,9,42,0,0,0,59,36,4,59,0,0,0,47,47,0,23,14,0,0,40,35,0,40,16,0,0
punch,50,50,5,40,0,0,0,60,60,2,34,0,0,0,55,55,15,25,0,0,0,58,58,5,29,0,0,0
hull,70,30,70,0,0,0,0,84,15,84,0,0,0,0,70,30,70,0,0,0,0,82,17,82,0,0,0,0
lumber,100,100,0,0,0,0,0,100,100,0,0,0,0,0,87,87,12,0,0,0,0,97,97,2,0,0,0,0
wit,100,100,0,0,0,0,0,100,100,0,0,0,0,0,83,83,8,0,0,0,0,96,96,1,0,0,0,0
hail,54,54,45,0,0,0,0,70,30,70,0,0,0,0,54,54,45,0,0,0,0,70,30,70,0,0,0,0
ray,63,63,9,0,0,0,27,81,81,9,0,0,0,9,72,72,0,0,0,0,0,80,80,0,0,0,0,0
pump,76,76,19,0,0,0,4,88,88,8,0,0,0,2,57,57,23,0,0,0,0,76,76,13,0,0,0,0
dove,63,63,9,0,0,0,27,82,82,2,0,0,0,15,90,90,9,0,0,0,0,97,97,2,0,0,0,0
shore,100,100,0,0,0,0,0,100,100,0,0,0,0,0,77,77,11,0,0,0,0,95,95,2,0,0,0,0
mill,90,90,0,0,0,0,9,96,96,0,0,0,0,3,90,90,9,0,0,0,0,96,96,3,0,0,0,0
repair,100,100,0,0,0,0,0,100,100,0,0,0,0,0,62,62,37,0,0,0,0,89,89,10,0,0,0,0
tend,50,50,50,0,0,0,0,53,47,53,0,0,0,0,75,12,75,0,0,0,0,70,12,70,0,0,0,0
jar,100,100,0,0,0,0,0,100,100,0,0,0,0,0,92,92,0,0,0,0,0,90,90,0,0,0,0,0
bridge,90,90,10,0,0,0,0,96,96,3,0,0,0,0,90,90,10,0,0,0,0,96,96,3,0,0,0,0
mail,100,100,0,0,0,0,0,100,100,0,0,0,0,0,93,93,6,0,0,0,0,98,98,1,0,0,0,0
hide,100,100,0,0,0,0,0,100,100,0,0,0,0,0,66,66,22,0,0,0,0,85,85,11,0,0,0,0
tick,50,40,50,0,0,0,10,52,52,43,0,0,0,4,50,50,30,10,0,0,0,36,26,10,26,0,0,0
rush,100,100,0,0,0,0,0,100,100,0,0,0,0,0,100,100,0,0,0,0,0,100,100,0,0,0,0,0
drill,100,100,0,0,0,0,0,100,100,0,0,0,0,0,89,89,5,5,0,0,0,94,94,3,1,0,0,0
fair,76,76,24,0,0,0,0,71,71,28,0,0,0,0,76,76,20,0,0,0,0,81,81,14,0,0,0,0
pet,90,90,9,0,0,0,0,96,96,3,0,0,0,0,90,90,0,0,0,0,0,96,96,0,0,0,0,0
log,100,100,0,0,0,0,0,100,100,0,0,0,0,0,100,100,0,0,0,0,0,100,100,0,0,0,0,0
verse,100,100,0,0,0,0,0,100,100,0,0,0,0,0,87,87,0,0,0,0,0,96,96,0,0,0,0,0
diet,93,93,0,0,0,0,6,98,98,0,0,0,0,1,81,81,0,0,0,0,0,93,93,0,0,0,0,0
compact,100,100,0,0,0,0,0,100,100,0,0,0,0,0,100,100,0,0,0,0,0,100,100,0,0,0,0,0
pipe,100,100,0,0,0,0,0,100,100,0,0,0,0,0,80,80,13,0,0,0,0,87,87,10,0,0,0,0
ham,100,100,0,0,0,0,0,100,100,0,0,0,0,0,94,94,5,0,0,0,0,98,98,1,0,0,0,0
sin,100,100,0,0,0,0,0,100,100,0,0,0,0,0,76,76,23,0,0,0,0,86,86,13,0,0,0,0
box,86,86,13,0,0,0,0,94,94,5,0,0,0,0,80,80,20,0,0,0,0,84,84,15,0,0,0,0
toast,100,100,0,0,0,0,0,100,100,0,0,0,0,0,92,92,7,0,0,0,0,98,98,1,0,0,0,0
ounce,100,100,0,0,0,0,0,100,100,0,0,0,0,0,92,92,7,0,0,0,0,98,98,1,0,0,0,0
corn,92,92,7,0,0,0,0,98,98,1,0,0,0,0,57,57,21,0,0,0,0,55,35,9,0,0,0,0
slip,100,100,0,0,0,0,0,100,100,0,0,0,0,0,87,87,12,0,0,0,0,98,98,1,0,0,0,0
nag,93,93,6,0,0,0,0,94,94,5,0,0,0,0,66,66,13,0,0,0,0,72,72,20,0,0,0,0
bat,88,11,88,0,0,0,0,66,33,66,0,0,0,0,64,11,64,17,0,0,0,52,33,52,7,0,0,0
toll,100,0,100,0,0,0,0,100,0,100,0,0,0,0,90,10,90,0,0,0,0,73,26,73,0,0,0,0
frog,95,95,0,0,0,0,5,94,94,0,0,0,0,5,75,75,15,0,0,0,0,80,80,15,0,0,0,0
post,50,42,0,50,0,0,7,78,14,0,78,0,0,7,42,28,14,42,0,0,0,61,10,61,18,0,0,0
dent,94,94,5,0,0,0,0,98,98,1,0,0,0,0,83,83,11,0,0,0,0,94,94,4,0,0,0,0
camp,94,94,0,0,0,0,5,95,95,0,0,0,0,4,84,84,15,0,0,0,0,83,83,16,0,0,0,0
pack,100,100,0,0,0,0,0,100,100,0,0,0,0,0,91,91,4,0,0,0,0,95,95,1,0,0,0,0
invalid,73,26,73,0,0,0,0,73,26,73,0,0,0,0,42,31,42,0,0,0,0,53,27,53,0,0,0,0
incense,83,83,16,0,0,0,0,92,92,7,0,0,0,0,83,83,16,0,0,0,0,92,92,7,0,0,0,0
buck,36,36,27,0,27,0,9,62,26,7,0,62,0,2,45,45,45,0,9,0,0,65,31,65,0,2,0,0
plot,93,93,6,0,0,0,0,95,95,4,0,0,0,0,86,86,6,0,0,0,0,91,91,4,0,0,0,0
pitcher,58,58,41,0,0,0,0,54,54,45,0,0,0,0,58,58,41,0,0,0,0,54,54,45,0,0,0,0
tow,100,100,0,0,0,0,0,100,100,0,0,0,0,0,100,100,0,0,0,0,0,100,100,0,0,0,0,0
beetle,75,75,0,0,0,0,0,81,81,0,0,0,0,0,75,75,25,0,0,0,0,81,81,18,0,0,0,0
tire,80,20,80,0,0,0,0,96,3,96,0,0,0,0,70,30,70,0,0,0,0,92,7,92,0,0,0,0
bow,50,41,50,8,0,0,0,82,15,82,1,0,0,0,50,25,50,8,0,0,0,84,5,84,1,0,0,0
limb,100,100,0,0,0,0,0,100,100,0,0,0,0,0,62,62,12,0,0,0,0,92,92,3,0,0,0,0
flush,87,87,0,0,12,0,0,96,96,0,0,3,0,0,56,56,6,12,12,0,0,86,86,3,3,3,0,0
cat,100,100,0,0,0,0,0,100,100,0,0,0,0,0,100,100,0,0,0,0,0,100,100,0,0,0,0,0
limp,63,36,63,0,0,0,0,51,48,51,0,0,0,0,59,31,59,0,0,0,0,54,40,54,0,0,0,0
butt,85,85,14,0,0,0,0,88,88,11,0,0,0,0,35,28,14,35,21,0,0,39,11,12,39,36,0,0
league,100,100,0,0,0,0,0,100,100,0,0,0,0,0,84,84,15,0,0,0,0,96,96,3,0,0,0,0
lay,84,84,7,7,0,0,0,85,85,2,11,0,0,0,84,84,0,7,0,0,0,71,71,0,2,0,0,0
spade,61,61,38,0,0,0,0,64,35,64,0,0,0,0,46,46,38,0,0,0,0,64,31,64,0,0,0,0
tear,55,44,55,0,0,0,0,52,52,47,0,0,0,0,66,33,66,0,0,0,0,51,48,51,0,0,0,0
pie,100,100,0,0,0,0,0,100,100,0,0,0,0,0,100,100,0,0,0,0,0,100,100,0,0,0,0,0
shower,100,100,0,0,0,0,0,100,100,0,0,0,0,0,88,88,11,0,0,0,0,97,97,2,0,0,0,0
key,100,100,0,0,0,0,0,100,100,0,0,0,0,0,100,100,0,0,0,0,0,100,100,0,0,0,0,0
chop,100,100,0,0,0,0,0,100,100,0,0,0,0,0,73,73,0,0,0,0,0,86,86,0,0,0,0,0
tap,78,78,21,0,0,0,0,71,71,28,0,0,0,0,73,73,26,0,0,0,0,69,69,30,0,0,0,0
plane,100,100,0,0,0,0,0,100,100,0,0,0,0,0,100,100,0,0,0,0,0,100,100,0,0,0,0,0
pawn,90,90,9,0,0,0,0,98,98,1,0,0,0,0,81,18,81,0,0,0,0,91,8,91,0,0,0,0
grate,82,17,82,0,0,0,0,94,5,94,0,0,0,0,58,41,58,0,0,0,0,85,14,85,0,0,0,0
mare,100,100,0,0,0,0,0,100,100,0,0,0,0,0,60,60,40,0,0,0,0,95,95,4,0,0,0,0
pool,84,84,15,0,0,0,0,90,90,9,0,0,0,0,53,53,38,0,0,0,0,83,83,14,0,0,0,0
cuff,91,91,8,0,0,0,0,98,98,1,0,0,0,0,50,50,50,0,0,0,0,60,60,39,0,0,0,0
pound,50,28,50,21,0,0,0,45,14,45,39,0,0,0,50,28,50,21,0,0,0,45,14,45,39,0,0,0
bark,80,80,20,0,0,0,0,77,77,22,0,0,0,0,80,80,20,0,0,0,0,77,77,22,0,0,0,0
cab,100,100,0,0,0,0,0,100,100,0,0,0,0,0,100,100,0,0,0,0,0,100,100,0,0,0,0,0
drove,63,63,36,0,0,0,0,87,87,12,0,0,0,0,90,9,90,0,0,0,0,90,9,90,0,0,0,0
desert,87,87,12,0,0,0,0,96,96,3,0,0,0,0,87,87,12,0,0,0,0,96,96,3,0,0,0,0
bar,100,100,0,0,0,0,0,100,100,0,0,0,0,0,100,100,0,0,0,0,0,100,100,0,0,0,0,0
hobby,100,100,0,0,0,0,0,100,100,0,0,0,0,0,55,55,41,0,0,0,0,62,62,35,0,0,0,0
shock,100,100,0,0,0,0,0,100,100,0,0,0,0,0,68,68,10,0,0,0,0,74,74,18,0,0,0,0
cap,100,100,0,0,0,0,0,100,100,0,0,0,0,0,100,100,0,0,0,0,0,100,100,0,0,0,0,0
flip,95,95,0,0,0,0,4,97,97,0,0,0,0,2,66,66,9,0,0,0,0,76,76,6,0,0,0,0
vice,46,46,15,0,0,0,30,40,40,16,0,0,0,30,100,100,0,0,0,0,0,100,100,0,0,0,0,0
tar,100,100,0,0,0,0,0,100,100,0,0,0,0,0,93,93,0,0,0,0,0,96,96,0,0,0,0,0
staff,95,95,0,0,0,0,4,98,98,0,0,0,0,1,91,91,8,0,0,0,0,96,96,3,0,0,0,0
rear,100,100,0,0,0,0,0,100,100,0,0,0,0,0,88,88,11,0,0,0,0,96,96,3,0,0,0,0
boil,100,100,0,0,0,0,0,100,100,0,0,0,0,0,100,100,0,0,0,0,0,100,100,0,0,0,0,0
bound,66,66,26,0,6,0,0,85,85,12,0,1,0,0,53,53,13,0,20,0,0,51,51,8,0,15,0,0
husky,91,91,8,0,0,0,0,55,55,44,0,0,0,0,41,41,41,0,0,0,0,61,34,61,0,0,0,0
spit,100,100,0,0,0,0,0,100,100,0,0,0,0,0,47,47,34,0,0,0,0,65,65,24,0,0,0,0
loaf,62,37,62,0,0,0,0,68,68,31,0,0,0,0,62,37,62,0,0,0,0,68,68,31,0,0,0,0
rib,100,100,0,0,0,0,0,100,100,0,0,0,0,0,77,77,18,0,0,0,0,74,74,24,0,0,0,0
stable,84,84,15,0,0,0,0,65,35,65,0,0,0,0,69,69,30,0,0,0,0,71,29,71,0,0,0,0
clock,100,100,0,0,0,0,0,100,100,0,0,0,0,0,85,85,14,0,0,0,0,92,92,7,0,0,0,0
brook,83,83,16,0,0,0,0,96,96,3,0,0,0,0,83,83,16,0,0,0,0,96,96,3,0,0,0,0
trap,100,100,0,0,0,0,0,100,100,0,0,0,0,0,88,88,5,0,0,0,0,96,96,2,0,0,0,0
hatch,54,45,54,0,0,0,0,62,62,37,0,0,0,0,54,45,54,0,0,0,0,62,62,37,0,0,0,0
sash,100,100,0,0,0,0,0,100,100,0,0,0,0,0,94,94,5,0,0,0,0,97,97,2,0,0,0,0
alley,100,100,0,0,0,0,0,100,100,0,0,0,0,0,77,77,16,0,0,0,0,80,80,17,0,0,0,0
lead,57,42,57,0,0,0,0,54,45,54,0,0,0,0,64,35,64,0,0,0,0,56,43,56,0,0,0,0
palm,50,50,37,0,0,0,12,62,62,35,0,0,0,1,62,62,37,0,0,0,0,64,64,35,0,0,0,0
sack,88,88,11,0,0,0,0,98,98,1,0,0,0,0,88,88,0,11,0,0,0,95,95,0,4,0,0,0
counter,70,70,17,11,0,0,0,87,87,9,3,0,0,0,70,70,5,5,0,0,0,88,88,1,1,0,0,0
shiver,100,100,0,0,0,0,0,100,100,0,0,0,0,0,75,75,0,0,0,0,0,96,96,0,0,0,0,0
slug,86,86,13,0,0,0,0,88,88,11,0,0,0,0,73,73,26,0,0,0,0,68,68,31,0,0,0,0
spray,100,100,0,0,0,0,0,100,100,0,0,0,0,0,75,75,5,0,0,0,0,81,81,1,0,0,0,0
wrinkle,100,100,0,0,0,0,0,100,100,0,0,0,0,0,60,60,20,0,0,0,0,52,41,52,0,0,0,0
low,100,100,0,0,0,0,0,100,100,0,0,0,0,0,66,66,0,0,0,0,0,93,93,0,0,0,0,0
fit,95,95,4,0,0,0,0,95,95,5,0,0,0,0,95,95,0,0,0,0,0,95,95,0,0,0,0,0
bride,100,100,0,0,0,0,0,100,100,0,0,0,0,0,100,100,0,0,0,0,0,100,100,0,0,0,0,0
sole,55,55,33,11,0,0,0,70,20,70,9,0,0,0,44,44,33,11,0,0,0,70,13,70,9,0,0,0
jog,100,100,0,0,0,0,0,100,100,0,0,0,0,0,100,100,0,0,0,0,0,100,100,0,0,0,0,0
jet,100,100,0,0,0,0,0,100,100,0,0,0,0,0,90,90,0,0,0,0,0,98,98,0,0,0,0,0
quack,60,40,60,0,0,0,0,91,91,8,0,0,0,0,60,60,40,0,0,0,0,92,92,7,0,0,0,0
base,90,90,5,0,0,0,5,93,93,3,0,0,0,3,90,90,0,0,0,0,0,96,96,0,0,0,0,0
jam,58,41,58,0,0,0,0,83,16,83,0,0,0,0,58,41,58,0,0,0,0,83,16,83,0,0,0,0
nun,100,100,0,0,0,0,0,100,100,0,0,0,0,0,93,93,0,0,0,0,0,98,98,0,0,0,0,0
mow,100,100,0,0,0,0,0,100,100,0,0,0,0,0,57,42,57,0,0,0,0,91,91,8,0,0,0,0
stake,64,64,17,0,0,0,17,87,87,6,0,0,0,5,47,47,35,0,0,0,0,56,56,25,0,0,0,0
bus,100,100,0,0,0,0,0,100,100,0,0,0,0,0,100,100,0,0,0,0,0,100,100,0,0,0,0,0
stud,80,19,80,0,0,0,0,89,10,89,0,0,0,0,57,42,57,0,0,0,0,68,31,68,0,0,0,0
sock,75,75,25,0,0,0,0,92,92,7,0,0,0,0,50,50,37,0,0,0,0,88,88,10,0,0,0,0
fell,94,94,0,0,0,0,5,98,98,0,0,0,0,1,38,38,38,0,11,0,0,45,45,29,0,4,0,0
bear,89,10,89,0,0,0,0,95,4,95,0,0,0,0,64,32,64,0,0,0,0,74,24,74,0,0,0,0
chase,71,71,0,0,0,0,28,86,86,0,0,0,0,13,85,85,0,14,0,0,0,96,96,0,3,0,0,0
freak,100,100,0,0,0,0,0,100,100,0,0,0,0,0,82,82,11,0,0,0,0,73,73,3,0,0,0,0
hamper,56,43,56,0,0,0,0,82,17,82,0,0,0,0,50,37,50,0,0,0,0,80,14,80,0,0,0,0
calf,71,71,28,0,0,0,0,81,81,18,0,0,0,0,71,71,28,0,0,0,0,81,81,18,0,0,0,0
cocktail,100,100,0,0,0,0,0,100,100,0,0,0,0,0,84,84,15,0,0,0,0,95,95,4,0,0,0,0
peer,50,50,8,0,0,0,41,79,79,11,0,0,0,9,75,75,25,0,0,0,0,63,63,36,0,0,0,0
relief,94,94,0,0,0,0,5,87,87,0,0,0,0,12,77,77,0,0,0,0,0,80,80,0,0,0,0,0
wise,100,100,0,0,0,0,0,100,100,0,0,0,0,0,90,90,0,0,0,0,0,98,98,0,0,0,0,0
spell,85,85,9,4,0,0,0,82,82,12,4,0,0,0,76,76,14,0,0,0,0,78,78,17,0,0,0,0
steer,53,53,46,0,0,0,0,61,61,38,0,0,0,0,53,53,46,0,0,0,0,61,61,38,0,0,0,0
capital,100,100,0,0,0,0,0,100,100,0,0,0,0,0,80,80,0,0,0,0,0,94,94,0,0,0,0,0
file,93,93,6,0,0,0,0,82,82,17,0,0,0,0,93,93,6,0,0,0,0,82,82,17,0,0,0,0
spill,100,100,0,0,0,0,0,100,100,0,0,0,0,0,75,75,18,0,0,0,0,93,93,5,0,0,0,0
beaver,100,100,0,0,0,0,0,100,100,0,0,0,0,0,100,100,0,0,0,0,0,100,100,0,0,0,0,0
bolt,100,100,0,0,0,0,0,100,100,0,0,0,0,0,100,100,0,0,0,0,0,100,100,0,0,0,0,0
blow,86,13,86,0,0,0,0,92,7,92,0,0,0,0,82,8,82,0,0,0,0,83,4,83,0,0,0,0
bank,100,0,100,0,0,0,0,100,0,100,0,0,0,0,83,16,83,0,0,0,0,98,1,98,0,0,0,0
hip,94,94,0,0,0,0,5,98,98,0,0,0,0,1,66,66,5,16,0,0,0,80,80,2,14,0,0,0
cube,90,90,0,0,0,0,9,98,98,0,0,0,0,1,81,81,9,0,0,0,0,94,94,1,0,0,0,0
stir,100,100,0,0,0,0,0,100,100,0,0,0,0,0,92,92,0,0,0,0,0,98,98,0,0,0,0,0
span,100,100,0,0,0,0,0,100,100,0,0,0,0,0,91,91,8,0,0,0,0,95,95,4,0,0,0,0
pupil,75,75,25,0,0,0,0,82,82,17,0,0,0,0,75,75,25,0,0,0,0,82,82,17,0,0,0,0
blaze,66,66,33,0,0,0,0,96,96,3,0,0,0,0,66,66,33,0,0,0,0,96,96,3,0,0,0,0
skate,92,92,7,0,0,0,0,96,96,3,0,0,0,0,78,78,14,0,0,0,0,64,64,32,0,0,0,0
stern,80,80,20,0,0,0,0,86,86,13,0,0,0,0,86,13,86,0,0,0,0,87,12,87,0,0,0,0
scarf,100,100,0,0,0,0,0,100,100,0,0,0,0,0,82,82,17,0,0,0,0,81,81,18,0,0,0,0
row,66,66,22,11,0,0,0,84,13,84,1,0,0,0,77,77,11,0,0,0,0,81,15,81,0,0,0,0
port,75,75,10,5,5,0,5,82,82,6,2,8,0,2,40,40,40,10,5,0,0,70,16,70,4,8,0,0
cricket,85,85,14,0,0,0,0,89,89,10,0,0,0,0,57,57,28,0,0,0,0,68,68,14,0,0,0,0
seal,76,24,76,0,0,0,0,64,35,64,0,0,0,0,68,32,68,0,0,0,0,56,43,56,0,0,0,0
coma,76,76,0,0,0,0,23,92,92,0,0,0,0,7,84,84,7,0,0,0,0,94,94,2,0,0,0,0
peel,100,100,0,0,0,0,0,100,100,0,0,0,0,0,60,60,20,0,0,0,0,88,88,8,0,0,0,0
lime,72,27,72,0,0,0,0,92,7,92,0,0,0,0,72,27,72,0,0,0,0,92,7,92,0,0,0,0
pop,73,73,6,20,0,0,0,74,74,8,16,0,0,0,66,66,6,20,0,0,0,73,73,8,16,0,0,0
rail,100,100,0,0,0,0,0,100,100,0,0,0,0,0,85,85,0,7,0,0,0,93,93,0,4,0,0,0
meal,100,100,0,0,0,0,0,100,100,0,0,0,0,0,100,100,0,0,0,0,0,100,100,0,0,0,0,0
opera,100,100,0,0,0,0,0,100,100,0,0,0,0,0,100,100,0,0,0,0,0,100,100,0,0,0,0,0
pile,95,95,5,0,0,0,0,96,96,3,0,0,0,0,40,40,25,25,0,0,0,52,52,15,23,0,0,0
firm,75,75,25,0,0,0,0,76,76,23,0,0,0,0,75,75,25,0,0,0,0,76,76,23,0,0,0,0
shark,100,100,0,0,0,0,0,100,100,0,0,0,0,0,70,70,30,0,0,0,0,80,80,20,0,0,0,0
bull,100,100,0,0,0,0,0,100,100,0,0,0,0,0,100,100,0,0,0,0,0,100,100,0,0,0,0,0
smelt,43,43,6,37,0,0,6,32,32,31,32,0,0,2,43,43,6,43,0,0,0,34,32,31,34,0,0,0
host,100,100,0,0,0,0,0,100,100,0,0,0,0,0,60,60,40,0,0,0,0,64,64,35,0,0,0,0
halt,100,100,0,0,0,0,0,100,100,0,0,0,0,0,50,50,50,0,0,0,0,94,94,5,0,0,0,0
entrance,100,100,0,0,0,0,0,100,100,0,0,0,0,0,87,87,0,0,0,0,0,96,96,0,0,0,0,0
novel,85,85,14,0,0,0,0,93,93,6,0,0,0,0,100,100,0,0,0,0,0,100,100,0,0,0,0,0
card,100,100,0,0,0,0,0,100,100,0,0,0,0,0,100,100,0,0,0,0,0,100,100,0,0,0,0,0
spank,100,100,0,0,0,0,0,100,100,0,0,0,0,0,94,94,0,0,0,0,0,98,98,0,0,0,0,0
fan,58,58,41,0,0,0,0,88,88,11,0,0,0,0,94,94,5,0,0,0,0,98,98,1,0,0,0,0
paste,100,100,0,0,0,0,0,100,100,0,0,0,0,0,100,100,0,0,0,0,0,100,100,0,0,0,0,0
knot,100,100,0,0,0,0,0,100,100,0,0,0,0,0,87,87,0,0,0,0,0,95,95,0,0,0,0,0
vault,61,61,38,0,0,0,0,81,81,18,0,0,0,0,69,30,69,0,0,0,0,52,52,47,0,0,0,0
flag,100,100,0,0,0,0,0,100,100,0,0,0,0,0,83,83,16,0,0,0,0,95,95,4,0,0,0,0
jerk,100,100,0,0,0,0,0,100,100,0,0,0,0,0,77,77,13,0,0,0,0,81,81,5,0,0,0,0
bush,73,73,0,0,0,0,26,86,86,0,0,0,0,13,80,80,6,0,0,0,0,88,88,1,0,0,0,0
rap,83,16,0,83,0,0,0,94,5,0,94,0,0,0,66,33,0,66,0,0,0,77,22,0,77,0,0,0
pot,80,80,20,0,0,0,0,80,80,19,0,0,0,0,86,86,13,0,0,0,0,89,89,10,0,0,0,0
present,50,50,50,0,0,0,0,53,46,53,0,0,0,0,50,33,50,0,0,0,0,53,31,53,0,0,0,0
pad,100,100,0,0,0,0,0,100,100,0,0,0,0,0,76,76,23,0,0,0,0,87,87,12,0,0,0,0
pink,95,95,0,0,0,0,4,92,92,0,0,0,0,7,78,78,17,0,0,0,0,86,86,6,0,0,0,0
weed,100,100,0,0,0,0,0,100,100,0,0,0,0,0,85,85,0,0,0,0,0,92,92,0,0,0,0,0
fudge,100,100,0,0,0,0,0,100,100,0,0,0,0,0,81,81,18,0,0,0,0,93,93,6,0,0,0,0
page,90,90,10,0,0,0,0,95,95,4,0,0,0,0,50,50,50,0,0,0,0,80,80,20,0,0,0,0
bully,95,95,0,0,0,0,5,98,98,0,0,0,0,1,80,80,10,0,0,0,0,80,80,15,0,0,0,0
scale,57,7,57,35,0,0,0,85,4,85,10,0,0,0,42,35,14,42,0,0,0,68,16,68,12,0,0,0
sap,100,100,0,0,0,0,0,100,100,0,0,0,0,0,100,100,0,0,0,0,0,100,100,0,0,0,0,0
test,100,100,0,0,0,0,0,100,100,0,0,0,0,0,87,87,12,0,0,0,0,89,89,10,0,0,0,0
lock,100,100,0,0,0,0,0,100,100,0,0,0,0,0,92,92,0,0,0,0,0,98,98,0,0,0,0,0
tower,100,100,0,0,0,0,0,100,100,0,0,0,0,0,75,75,0,0,0,0,0,78,78,0,0,0,0,0
toaster,100,100,0,0,0,0,0,100,100,0,0,0,0,0,60,60,40,0,0,0,0,72,72,27,0,0,0,0
corporal,87,12,87,0,0,0,0,69,30,69,0,0,0,0,87,12,87,0,0,0,0,69,30,69,0,0,0,0
gull,100,100,0,0,0,0,0,100,100,0,0,0,0,0,87,87,12,0,0,0,0,97,97,2,0,0,0,0
junk,94,94,5,0,0,0,0,98,98,1,0,0,0,0,94,94,5,0,0,0,0,87,87,12,0,0,0,0
chess,100,100,0,0,0,0,0,100,100,0,0,0,0,0,85,85,7,7,0,0,0,92,92,1,5,0,0,0
size,100,100,0,0,0,0,0,100,100,0,0,0,0,0,90,90,9,0,0,0,0,96,96,3,0,0,0,0
tuna,100,100,0,0,0,0,0,100,100,0,0,0,0,0,80,80,20,0,0,0,0,97,97,2,0,0,0,0
wound,83,83,16,0,0,0,0,95,95,4,0,0,0,0,75,75,16,0,0,0,0,94,94,4,0,0,0,0
rifle,100,100,0,0,0,0,0,100,100,0,0,0,0,0,80,80,20,0,0,0,0,93,93,6,0,0,0,0
mate,100,100,0,0,0,0,0,100,100,0,0,0,0,0,100,100,0,0,0,0,0,100,100,0,0,0,0,0
fry,100,100,0,0,0,0,0,100,100,0,0,0,0,0,94,94,0,0,0,0,0,97,97,0,0,0,0,0
cramp,85,85,14,0,0,0,0,96,96,3,0,0,0,0,50,50,35,0,0,0,0,75,75,14,0,0,0,0
compound,90,90,9,0,0,0,0,94,94,6,0,0,0,0,81,81,13,0,0,0,0,85,85,11,0,0,0,0
pit,75,75,25,0,0,0,0,83,83,16,0,0,0,0,55,55,35,0,0,0,0,73,73,20,0,0,0,0
refrain,85,85,14,0,0,0,0,95,95,4,0,0,0,0,64,64,14,0,0,0,0,90,90,4,0,0,0,0
mint,75,75,25,0,0,0,0,76,76,23,0,0,0,0,54,54,41,0,0,0,0,66,66,31,0,0,0,0
flight,88,88,11,0,0,0,0,93,93,6,0,0,0,0,100,100,0,0,0,0,0,100,100,0,0,0,0,0
sling,100,100,0,0,0,0,0,100,100,0,0,0,0,0,91,91,8,0,0,0,0,98,98,1,0,0,0,0
strand,61,38,61,0,0,0,0,76,23,76,0,0,0,0,53,53,46,0,0,0,0,71,28,71,0,0,0,0
scrap,85,85,5,0,0,0,5,91,91,4,0,0,0,2,75,75,25,0,0,0,0,86,86,13,0,0,0,0
boxing,92,0,92,0,0,0,7,94,0,94,0,0,0,5,42,35,42,0,0,0,0,48,41,48,0,0,0,0
pat,84,84,5,0,0,0,10,93,93,2,0,0,0,3,84,84,15,0,0,0,0,93,93,6,0,0,0,0
soil,100,100,0,0,0,0,0,100,100,0,0,0,0,0,83,83,16,0,0,0,0,77,22,77,0,0,0,0
hitch,76,76,23,0,0,0,0,62,37,62,0,0,0,0,76,76,23,0,0,0,0,63,36,63,0,0,0,0
tense,94,94,5,0,0,0,0,97,97,2,0,0,0,0,88,88,5,0,0,0,0,95,95,2,0,0,0,0
prune,92,92,7,0,0,0,0,97,97,2,0,0,0,0,57,57,28,0,0,0,0,83,83,10,0,0,0,0
stall,57,42,57,0,0,0,0,54,54,45,0,0,0,0,64,64,28,0,0,0,0,71,71,21,0,0,0,0
truck,100,100,0,0,0,0,0,100,100,0,0,0,0,0,100,100,0,0,0,0,0,100,100,0,0,0,0,0
strain,100,100,0,0,0,0,0,100,100,0,0,0,0,0,76,76,7,0,0,0,0,80,80,10,0,0,0,0
ring,76,76,23,0,0,0,0,80,80,20,0,0,0,0,76,76,23,0,0,0,0,80,80,20,0,0,0,0
dock,100,100,0,0,0,0,0,100,100,0,0,0,0,0,90,90,0,0,10,0,0,98,98,0,0,1,0,0
scrub,100,100,0,0,0,0,0,100,100,0,0,0,0,0,89,89,5,0,0,0,0,95,95,1,0,0,0,0
egg,100,100,0,0,0,0,0,100,100,0,0,0,0,0,80,80,5,0,0,0,0,83,83,2,0,0,0,0
buggy,100,100,0,0,0,0,0,100,100,0,0,0,0,0,81,81,9,0,0,0,0,89,89,6,0,0,0,0
launch,94,94,5,0,0,0,0,97,97,2,0,0,0,0,47,41,47,0,0,0,0,78,14,78,0,0,0,0
rash,88,11,88,0,0,0,0,95,4,95,0,0,0,0,72,22,72,0,0,0,0,89,7,89,0,0,0,0
rocket,100,100,0,0,0,0,0,100,100,0,0,0,0,0,100,100,0,0,0,0,0,100,100,0,0,0,0,0
spike,91,91,0,0,0,0,8,80,80,0,0,0,0,19,86,86,8,0,0,0,0,89,89,6,0,0,0,0
glare,93,93,6,0,0,0,0,98,98,1,0,0,0,0,93,93,6,0,0,0,0,98,98,1,0,0,0,0
lean,59,40,59,0,0,0,0,82,17,82,0,0,0,0,54,40,54,0,0,0,0,74,23,74,0,0,0,0
pike,36,18,9,27,9,0,36,31,22,3,19,22,0,31,45,27,45,9,18,0,0,48,48,21,4,26,0,0
yard,73,26,73,0,0,0,0,77,22,77,0,0,0,0,66,33,66,0,0,0,0,66,33,66,0,0,0,0
stove,100,100,0,0,0,0,0,100,100,0,0,0,0,0,100,100,0,0,0,0,0,100,100,0,0,0,0,0
mood,100,100,0,0,0,0,0,100,100,0,0,0,0,0,82,82,17,0,0,0,0,92,92,7,0,0,0,0
hawk,100,100,0,0,0,0,0,100,100,0,0,0,0,0,87,87,12,0,0,0,0,98,98,1,0,0,0,0
tart,82,17,82,0,0,0,0,61,38,61,0,0,0,0,76,17,76,0,0,0,0,58,36,58,0,0,0,0
heel,90,90,0,0,0,0,10,98,98,0,0,0,0,1,90,90,0,0,0,0,0,98,98,0,0,0,0,0
lawn,100,100,0,0,0,0,0,100,100,0,0,0,0,0,90,90,9,0,0,0,0,96,96,3,0,0,0,0
crab,90,90,0,0,0,0,9,91,91,0,0,0,0,8,95,95,4,0,0,0,0,98,98,1,0,0,0,0
gag,70,70,29,0,0,0,0,55,55,44,0,0,0,0,52,52,41,0,0,0,0,51,45,51,0,0,0,0
ground,85,85,14,0,0,0,0,89,89,10,0,0,0,0,64,64,35,0,0,0,0,78,78,21,0,0,0,0
pitch,100,100,0,0,0,0,0,100,100,0,0,0,0,0,100,100,0,0,0,0,0,100,100,0,0,0,0,0
hue,100,100,0,0,0,0,0,100,100,0,0,0,0,0,66,66,0,0,0,0,0,95,95,0,0,0,0,0
frail,100,100,0,0,0,0,0,100,100,0,0,0,0,0,53,40,53,0,0,0,0,62,62,30,0,0,0,0
race,52,52,47,0,0,0,0,57,42,57,0,0,0,0,52,41,52,0,0,0,0,59,38,59,0,0,0,0
cue,76,76,19,0,0,0,4,52,45,52,0,0,0,1,47,42,47,0,0,0,0,73,23,73,0,0,0,0
bud,80,80,0,0,0,0,20,53,53,0,0,0,0,46,100,100,0,0,0,0,0,100,100,0,0,0,0,0
shy,100,100,0,0,0,0,0,100,100,0,0,0,0,0,81,81,0,0,0,0,0,92,92,0,0,0,0,0
stalk,64,32,64,0,0,0,4,57,41,57,0,0,0,1,68,32,68,0,0,0,0,58,41,58,0,0,0,0
angle,100,100,0,0,0,0,0,100,100,0,0,0,0,0,81,81,6,0,0,0,0,89,89,1,0,0,0,0
staple,90,90,9,0,0,0,0,94,94,5,0,0,0,0,72,72,9,0,0,0,0,80,80,5,0,0,0,0
gang,100,100,0,0,0,0,0,100,100,0,0,0,0,0,88,88,11,0,0,0,0,94,94,5,0,0,0,0
arm,83,83,16,0,0,0,0,98,98,1,0,0,0,0,100,100,0,0,0,0,0,100,100,0,0,0,0,0
boom,100,100,0,0,0,0,0,100,100,0,0,0,0,0,70,70,29,0,0,0,0,78,78,21,0,0,0,0
rank,91,91,8,0,0,0,0,86,86,13,0,0,0,0,91,91,8,0,0,0,0,86,86,13,0,0,0,0
grave,81,81,13,0,4,0,0,90,90,8,0,1,0,0,72,72,9,9,4,0,0,85,85,7,5,1,0,0
vet,62,62,37,0,0,0,0,91,91,8,0,0,0,0,62,62,37,0,0,0,0,91,91,8,0,0,0,0
slick,92,92,0,0,0,0,7,97,97,0,0,0,0,2,61,61,38,0,0,0,0,80,80,19,0,0,0,0
rye,100,100,0,0,0,0,0,100,100,0,0,0,0,0,100,100,0,0,0,0,0,100,100,0,0,0,0,0
ash,90,90,9,0,0,0,0,98,98,1,0,0,0,0,45,45,45,0,0,0,0,55,42,55,0,0,0,0
tag,61,61,33,0,0,0,4,57,57,40,0,0,0,1,57,57,38,0,0,0,0,48,48,47,0,0,0,0
net,57,42,57,0,0,0,0,75,75,24,0,0,0,0,50,50,50,0,0,0,0,76,76,23,0,0,0,0
toil,100,100,0,0,0,0,0,100,100,0,0,0,0,0,57,57,42,0,0,0,0,71,71,28,0,0,0,0
gin,90,90,0,9,0,0,0,92,92,0,7,0,0,0,90,90,0,9,0,0,0,92,92,0,7,0,0,0
bass,85,85,14,0,0,0,0,58,58,41,0,0,0,0,71,71,21,0,0,0,0,44,44,44,0,0,0,0
rare,81,81,18,0,0,0,0,76,76,23,0,0,0,0,66,66,29,0,0,0,0,66,66,30,0,0,0,0
meter,56,43,0,56,0,0,0,70,29,0,70,0,0,0,43,43,12,43,0,0,0,56,56,3,39,0,0,0
prayer,90,90,10,0,0,0,0,98,98,1,0,0,0,0,90,90,10,0,0,0,0,98,98,1,0,0,0,0
foil,83,8,83,0,0,0,8,94,1,94,0,0,0,3,75,8,75,0,0,0,0,93,1,93,0,0,0,0
chuck,35,30,35,5,0,0,30,54,54,24,3,0,0,18,60,30,60,0,0,0,0,58,58,37,0,0,0,0
dresser,100,0,100,0,0,0,0,100,0,100,0,0,0,0,78,14,78,0,0,0,0,90,8,90,0,0,0,0
mat,100,100,0,0,0,0,0,100,100,0,0,0,0,0,83,83,16,0,0,0,0,54,54,45,0,0,0,0
sage,71,21,71,0,0,0,7,75,22,75,0,0,0,2,50,28,50,0,0,0,0,62,27,62,0,0,0,0
cashier,88,88,0,0,0,0,11,96,96,0,0,0,0,3,55,55,33,0,0,0,0,89,89,7,0,0,0,0
banker,88,88,0,0,0,0,11,97,97,0,0,0,0,2,55,55,11,11,0,0,0,91,91,1,3,0,0,0
shed,53,46,53,0,0,0,0,58,41,58,0,0,0,0,50,50,46,0,0,0,0,50,50,46,0,0,0,0
whale,100,100,0,0,0,0,0,100,100,0,0,0,0,0,82,82,0,0,0,0,0,85,85,0,0,0,0,0
intent,94,94,5,0,0,0,0,98,98,1,0,0,0,0,47,47,41,0,0,0,0,68,68,24,0,0,0,0
duck,93,93,0,0,0,0,6,97,97,0,0,0,0,2,75,75,12,0,0,0,0,92,92,3,0,0,0,0
swallow,88,88,11,0,0,0,0,76,76,23,0,0,0,0,70,70,23,0,0,0,0,60,60,30,0,0,0,0
raft,100,100,0,0,0,0,0,100,100,0,0,0,0,0,94,94,0,0,0,0,0,98,98,0,0,0,0,0
wind,100,100,0,0,0,0,0,100,100,0,0,0,0,0,52,52,47,0,0,0,0,78,78,21,0,0,0,0
boring,100,0,100,0,0,0,0,100,0,100,0,0,0,0,43,43,43,0,0,0,0,55,38,55,0,0,0,0
stick,50,50,50,0,0,0,0,54,54,45,0,0,0,0,66,66,25,0,0,0,0,80,80,15,0,0,0,0
pro,80,20,80,0,0,0,0,61,38,61,0,0,0,0,73,20,73,0,0,0,0,59,33,59,0,0,0,0
content,64,64,35,0,0,0,0,66,33,66,0,0,0,0,57,57,35,0,0,0,0,66,31,66,0,0,0,0
rock,53,53,46,0,0,0,0,56,56,43,0,0,0,0,61,61,38,0,0,0,0,58,58,41,0,0,0,0
intimate,100,100,0,0,0,0,0,100,100,0,0,0,0,0,85,85,10,0,0,0,0,94,94,4,0,0,0,0
squash,60,60,40,0,0,0,0,67,32,67,0,0,0,0,50,30,50,0,0,0,0,70,19,70,0,0,0,0
piano,100,100,0,0,0,0,0,100,100,0,0,0,0,0,50,50,42,0,0,0,0,62,35,62,0,0,0,0
brush,100,100,0,0,0,0,0,100,100,0,0,0,0,0,83,83,0,0,0,0,0,98,98,0,0,0,0,0
wax,100,100,0,0,0,0,0,100,100,0,0,0,0,0,76,76,15,0,0,0,0,62,62,34,0,0,0,0
maroon,71,71,28,0,0,0,0,80,80,19,0,0,0,0,64,64,35,0,0,0,0,78,78,21,0,0,0,0
dam,81,81,18,0,0,0,0,96,96,3,0,0,0,0,63,63,18,0,0,0,0,76,76,20,0,0,0,0
ear,100,100,0,0,0,0,0,100,100,0,0,0,0,0,50,50,50,0,0,0,0,51,48,51,0,0,0,0
chip,100,100,0,0,0,0,0,100,100,0,0,0,0,0,93,93,0,0,0,0,0,97,97,0,0,0,0,0
ban,100,100,0,0,0,0,0,100,100,0,0,0,0,0,52,52,21,0,0,0,0,63,63,15,0,0,0,0
steep,85,85,14,0,0,0,0,94,94,5,0,0,0,0,78,78,14,0,0,0,0,83,83,5,0,0,0,0
bowl,54,54,45,0,0,0,0,70,70,29,0,0,0,0,54,54,45,0,0,0,0,70,70,29,0,0,0,0
haze,100,100,0,0,0,0,0,100,100,0,0,0,0,0,92,92,0,0,0,0,0,97,97,0,0,0,0,0
pine,100,100,0,0,0,0,0,100,100,0,0,0,0,0,85,85,14,0,0,0,0,98,98,1,0,0,0,0
mule,100,100,0,0,0,0,0,100,100,0,0,0,0,0,63,63,36,0,0,0,0,90,90,9,0,0,0,0
match,66,33,66,0,0,0,0,59,59,40,0,0,0,0,61,33,61,0,0,0,0,55,40,55,0,0,0,0
fold,100,100,0,0,0,0,0,100,100,0,0,0,0,0,94,94,0,0,0,0,0,98,98,0,0,0,0,0
list,100,100,0,0,0,0,0,100,100,0,0,0,0,0,100,100,0,0,0,0,0,100,100,0,0,0,0,0
root,100,100,0,0,0,0,0,100,100,0,0,0,0,0,70,70,30,0,0,0,0,89,89,10,0,0,0,0
multiply,100,100,0,0,0,0,0,100,100,0,0,0,0,0,72,72,18,0,0,0,0,90,90,7,0,0,0,0
band,92,92,7,0,0,0,0,97,97,2,0,0,0,0,78,78,14,0,0,0,0,92,92,5,0,0,0,0
mark,83,83,5,0,0,0,11,90,90,1,0,0,0,7,94,94,0,0,0,0,0,98,98,0,0,0,0,0
fleet,64,64,35,0,0,0,0,87,87,12,0,0,0,0,78,78,21,0,0,0,0,95,95,4,0,0,0,0
affect,100,100,0,0,0,0,0,100,100,0,0,0,0,0,93,93,6,0,0,0,0,90,90,9,0,0,0,0
supply,100,100,0,0,0,0,0,100,100,0,0,0,0,0,100,100,0,0,0,0,0,100,100,0,0,0,0,0
brake,100,100,0,0,0,0,0,100,100,0,0,0,0,0,90,90,10,0,0,0,0,98,98,1,0,0,0,0
rip,66,66,0,0,0,0,33,94,94,0,0,0,0,5,66,66,0,22,0,0,0,95,95,0,3,0,0,0
count,87,87,12,0,0,0,0,86,86,13,0,0,0,0,62,62,0,0,0,0,0,81,81,0,0,0,0,0
lap,78,78,14,7,0,0,0,91,91,5,3,0,0,0,42,35,21,42,0,0,0,41,31,41,26,0,0,0
riddle,100,100,0,0,0,0,0,100,100,0,0,0,0,0,90,90,0,0,0,0,0,98,98,0,0,0,0,0
rape,100,100,0,0,0,0,0,100,100,0,0,0,0,0,92,92,3,0,0,0,0,96,96,1,0,0,0,0
gum,66,66,33,0,0,0,0,73,26,73,0,0,0,0,55,55,44,0,0,0,0,74,25,74,0,0,0,0
tender,88,88,11,0,0,0,0,86,86,13,0,0,0,0,88,88,11,0,0,0,0,86,86,13,0,0,0,0
poker,90,10,90,0,0,0,0,98,1,98,0,0,0,0,80,20,80,0,0,0,0,91,8,91,0,0,0,0