"","isHomograph","biggest","biggest.stderr","dominance","NormDictRankAgreement","p1","p2","p3","p4","p5","p6","pExistDef","NumInterpWordNet","verbInterp","nounInterp","adjectiveInterp","imag","inSFFAN","wf","log10wf","len","coltN","OLD.x","posBigram","nPhon","nSyll","Length","LgSUBTLWF","Ortho_N","OLD.y","BG_Sum","NPhon","NSyll","RT","Obs","ACC","signTest","FREQcount.f","CDcount.f","FREQlow.f","Cdlow.f","SUBTLWF.f","Lg10WF.f","SUBTLCD.f","Lg10CD.f","len.f","MRC_Imag.f","NumMeanings","NumSenses","transitive_verb","intransitive_verb","adjective","noun","verb","plural_noun","adverb","suffix","interjection","prefix","preposition","abbreviation","conjunction","pronoun","indefinite_article","auxiliary_verb","plural_pronoun","imperative_verb","definite_article","posBigram_PythonFromSubtl","coltN_py_fromSUBTL","wordNetNumSenses","LevenshteinDistance_subtl","nPhon_Nwatch","nSyll_Nwatch","Twilleyp1","Twilleyp2","Twilleyp3","U","X","eDom","algorithm.FAN","human.FAN","algorithm.SUBTL","wikipedia"
"1",0,76,2.8,0.57,1,76,24,0,0,0,0,100,6,3,1,0,179,1,11.14,2.76,6,1,2.45,110,5,2,6,2.755,1,2.45,3647,5,2,666.938,32,0.97,1,568,482,566,481,11.14,2.7551,5.75,2.6839,6,183,2,4,3,0,0,1,0,0,0,0,0,0,0,0,0,0,0,0,0,0,0,110,1,6,2.45,5,2,NA,NA,NA,NA,1,76,90,100,96,100
"2",0,98,0.4,0.98,1,98,2,0,0,0,0,100,2,0,6,0,139,1,16.29,2.92,5,5,1.55,209,3,2,5,2.92,3,1.65,8333,3,2,644.333,30,0.88,1,831,562,718,516,16.29,2.9201,6.7,2.7505,5,143,2,6,0,0,0,6,0,0,0,0,0,0,0,0,0,0,0,0,0,0,0,209,5,2,1.55,3,2,NA,NA,NA,NA,2,98,80,100,68,82
"3",0,79,1.7,0.69,1,79,21,0,0,0,0,100,8,5,6,0,85,1,14.92,2.88,5,5,1.3,130,4,2,5,2.882,2,1.55,11254,4,2,620.941,34,0.97,1,761,557,733,546,14.92,2.882,6.64,2.7466,5,89,2,11,2,3,0,6,0,0,0,0,0,0,0,0,0,0,0,0,0,0,0,130,5,8,1.3,4,2,0.19,0.03,0.01,0.37,3,79,89,100,94,100
"4",0,71,1.8,0.53,1,71,29,0,0,0,0,100,8,4,6,0,155,1,65.41,3.52,3,16,1,15,2,1,3,3.523,5,1.45,3548,3,1,671.857,35,1,1,3336,1945,3239,1906,65.41,3.5234,23.19,3.2891,3,159,2,10,3,1,0,6,0,0,0,0,0,0,0,0,0,0,0,0,0,0,0,15,16,8,1,2,1,0.46,0.03,NA,0.31,4,71,100,98,77,62
"5",0,87,1.8,0.84,0.93,84,12,4,0,0,0,96,4,0,5,0,122,1,9.2,2.67,3,11,1,10,2,1,3,2.672,4,1.15,2747,2,1,623,36,1,0.933333333,469,143,127,88,9.2,2.6721,1.7,2.1584,3,126,2,5,0,0,0,5,0,0,0,0,0,0,0,0,0,0,0,0,0,0,0,10,11,4,1,2,1,NA,NA,NA,NA,5,87,55,98,62,72
"6",0,85,3,0.75,1,85,12,2,0,0,0,100,9,1,4,0,179,1,3.14,2.21,3,35,1,33,3,1,3,2.207,17,1,4260,3,1,675.267,30,0.97,1,160,84,125,71,3.14,2.2068,1,1.9294,3,183,3,5,1,0,0,4,0,0,0,0,0,0,0,0,0,0,0,0,0,0,0,33,35,9,1,3,1,NA,NA,NA,NA,6,85,63,100,62,76
"7",0,60,1.6,0.27,1,60,40,0,0,0,0,100,14,3,4,0,145,1,53.41,3.44,4,19,1,178,4,1,4,3.435,14,1,6022,4,1,653.412,34,1,1,2724,1122,2485,1057,53.41,3.4354,13.38,3.0504,4,149,2,7,2,1,0,4,0,0,0,0,0,0,0,0,0,0,0,0,0,0,0,178,19,14,1,4,1,0.31,0.14,0.01,0.92,7,60,92,97,67,98
"8",0,66,1.7,0.43,1,66,34,0,0,0,0,100,12,7,5,0,64,1,19.98,3.01,4,23,1,201,3,1,4,3.009,13,1.2,8179,3,1,633.029,35,1,1,1019,588,625,433,19.98,3.0086,7.01,2.7701,4,68,2,13,4,3,0,5,0,0,1,0,0,0,0,0,0,0,0,0,0,0,0,201,23,12,1,3,1,NA,NA,NA,NA,8,66,93,100,65,96
"9",0,78,1.8,0.68,0.06,22,78,1,0,0,0,99,18,6,6,0,129,1,84.98,3.64,4,21,1,184,4,1,4,3.637,16,1.05,4546,4,1,561.25,32,0.97,0.058823529,4334,1590,3822,1482,84.98,3.637,18.96,3.2017,4,133,2,12,3,3,0,6,0,0,0,0,0,0,0,0,0,0,0,0,0,0,0,184,21,18,1,4,1,0.54,NA,NA,0,9,78,98,100,73,74
"10",0,92,1.6,0.93,1,92,2,3,2,0,0,98,2,0,4,0,132,1,4.76,2.39,6,14,1.2,1650,6,2,6,2.387,10,1.4,11606,5,2,609.857,35,1,1,243,160,225,150,4.76,2.3874,1.91,2.2068,6,136,3,4,0,0,0,4,0,0,0,0,0,0,0,0,0,0,0,0,0,0,0,1650,14,2,1.2,6,2,NA,NA,NA,NA,10,92,91,97,74,95
"11",0,94,1.3,0.92,0.93,91,4,5,0,0,0,95,18,4,7,0,157,1,85.98,3.64,3,35,1,34,3,1,3,3.642,15,1,3742,3,1,572.97,33,0.97,0.928571429,4385,2220,3980,2091,85.98,3.6421,26.47,3.3465,3,161,2,12,4,0,0,7,0,0,0,0,0,0,1,0,0,0,0,0,0,0,0,34,35,18,1,3,1,0.29,0.03,NA,0.39,11,94,100,100,89,100
"12",0,63,1.7,0.35,0.93,62,38,0,0,0,0,100,9,6,4,0,111,1,5.49,2.45,4,25,1,205,3,1,4,2.449,14,1.2,4012,4,1,637.824,34,0.97,0.933333333,280,207,240,188,5.49,2.4487,2.47,2.3181,4,115,2,10,3,3,0,4,0,0,0,0,0,0,0,0,0,0,0,0,0,0,0,205,25,9,1,3,1,0.61,0.26,NA,0.85,12,63,77,77,79,70
"13",0,86,2,0.79,1,86,14,0,0,0,0,100,29,2,5,2,44,1,35.37,3.26,4,18,1,151,3,1,4,3.257,14,1,4260,3,1,540.813,32,0.97,1,1804,1011,1584,940,35.37,3.2565,12.05,3.0052,4,48,2,9,2,0,2,5,0,0,0,0,0,0,0,0,0,0,0,0,0,0,0,151,18,29,1,3,1,0.32,0.07,0.06,1.58,13,86,96,93,86,100
"14",0,59,2.2,0.32,0.67,46,47,7,0,0,0,100,9,0,4,1,114,1,7.55,2.59,4,23,1,168,3,1,4,2.587,14,1.1,3800,3,1,612.613,31,0.97,0.666666667,385,224,306,188,7.55,2.5866,2.67,2.3522,4,118,3,5,0,0,1,4,0,0,0,0,0,0,0,0,0,0,0,0,0,0,0,168,23,9,1,3,1,0.13,0.09,0.16,1.37,14,59,44,58,78,98
"15",0,52,2.1,0.3,0.8,49,36,14,1,0,0,99,10,3,3,0,150,1,20.63,3.02,3,39,1,37,3,1,3,3.022,19,1,4958,3,1,583.706,34,1,0.8,1052,561,913,525,20.63,3.0224,6.69,2.7497,3,154,3,6,2,1,0,3,0,0,0,0,0,0,0,0,0,0,0,0,0,0,0,37,39,10,1,3,1,0.39,0.07,0.04,1.19,15,52,52,66,63,64
"16",0,82,2.1,0.73,1,82,18,0,0,0,0,100,10,0,3,0,137,1,24.24,3.09,3,34,1,33,2,1,3,3.092,19,1,1200,2,1,706.176,34,1,1,1236,612,448,287,24.24,3.0924,7.3,2.7875,3,141,2,3,0,0,0,3,0,0,0,0,0,0,0,0,0,0,0,0,0,0,0,33,34,10,1,2,1,0.16,0.13,0.07,1.61,16,82,96,97,78,83
"17",0,72,2.2,0.54,0.35,32,67,0,0,0,0,100,15,8,4,1,139,1,57.41,3.47,4,21,1,159,3,1,4,3.467,19,1,5638,3,1,565.765,34,1,0.352941176,2928,1500,2386,1317,57.41,3.4667,17.88,3.1764,4,143,2,13,6,2,1,4,0,0,0,0,0,0,0,0,0,0,0,0,0,0,0,159,21,15,1,3,1,0.08,0.01,NA,0.05,17,72,74,95,76,69
"18",0,96,0.8,0.95,1,96,4,0,0,0,0,100,8,0,4,0,166,1,4.82,2.39,6,10,1.4,1407,5,2,6,2.393,5,1.75,11119,4,2,636.969,32,0.97,1,246,127,112,76,4.82,2.3927,1.51,2.1072,6,170,2,4,0,0,0,4,0,0,0,0,0,0,0,0,0,0,0,0,0,0,0,1407,10,8,1.4,5,2,NA,NA,NA,NA,18,96,100,100,94,100
"19",0,83,2.8,0.76,0.94,81,8,7,5,0,0,95,6,3,3,1,178,1,2.06,2.03,6,1,1.9,591,4,2,6,2.025,0,1.95,6918,4,2,618,35,1,0.9375,105,57,75,47,2.06,2.0253,0.68,1.7634,6,182,3,7,2,1,1,3,0,0,0,0,0,0,0,0,0,0,0,0,0,0,0,591,1,6,1.9,4,2,NA,NA,NA,NA,19,83,81,81,60,96
"20",0,93,1.1,0.92,1,93,7,0,0,0,0,100,9,1,4,2,179,1,7.22,2.57,4,27,1,152,4,1,4,2.567,17,1,7692,4,1,605.727,33,1,1,368,301,317,285,7.22,2.567,3.59,2.48,4,183,2,7,0,0,2,4,1,0,0,0,0,0,0,0,0,0,0,0,0,0,0,152,27,9,1,4,1,0.18,0.05,NA,0.76,20,93,72,100,93,95
"21",0,85,2.1,0.82,1,85,10,3,2,0,0,98,10,6,5,0,179,1,2.1,2.03,5,6,1.4,184,4,1,5,2.033,5,1.55,3807,4,1,584.618,34,0.97,1,107,77,88,72,2.1,2.0334,0.92,1.8921,5,183,3,11,3,3,0,5,0,0,0,0,0,0,0,0,0,0,0,0,0,0,0,184,6,10,1.4,4,1,NA,NA,NA,NA,21,85,96,96,92,87
"22",0,62,2.1,0.32,0.43,45,55,0,0,0,0,100,29,12,5,0,57,1,97.57,3.7,4,11,1.05,81,3,1,4,3.697,8,1.35,3335,3,1,619.118,34,1,0.428571429,4976,2826,4475,2660,97.57,3.697,33.69,3.4513,4,61,2,17,7,5,0,5,0,0,0,0,0,0,0,0,0,0,0,0,0,0,0,81,11,29,1.05,3,1,0.16,0.11,0.04,1.45,22,62,83,92,90,94
"23",0,84,2.3,0.76,0.06,16,84,0,0,0,0,100,7,3,3,2,179,1,6.22,2.5,5,1,1.8,147,4,1,5,2.502,1,1.85,2289,4,1,697.706,34,1,0.0625,317,215,257,198,6.22,2.5024,2.56,2.3345,5,183,2,8,2,1,2,3,0,0,0,0,0,0,0,0,0,0,0,0,0,0,0,147,1,7,1.8,4,1,0.16,0.03,0.02,0.67,23,84,81,86,99,52
"24",0,77,1.7,0.66,1,77,23,0,0,0,0,100,7,7,2,0,106,1,5.94,2.48,4,8,1.4,117,3,1,4,2.483,7,1.5,2546,3,1,625.8,35,1,1,303,255,271,234,5.94,2.4829,3.04,2.4082,4,110,2,9,3,4,0,2,0,0,0,0,0,0,0,0,0,0,0,0,0,0,0,117,8,7,1.4,3,1,0.45,0.01,NA,0.29,24,77,100,100,90,98
"25",0,89,1.9,0.83,1,89,9,2,0,0,0,98,16,8,6,0,121,1,6.88,2.55,4,17,1,171,4,1,4,2.547,11,1.4,2433,4,1,704.333,33,1,1,351,226,263,202,6.88,2.5465,2.69,2.356,4,125,2,15,4,4,0,6,0,0,1,0,0,0,0,0,0,0,0,0,0,0,0,171,17,16,1,4,1,0.18,0.22,0.1,1.55,25,89,100,100,97,100
"26",0,82,2.1,0.72,1,82,18,0,0,0,0,100,10,5,7,0,179,1,21.8,3.05,4,12,1.05,165,3,1,4,3.047,10,1.3,2907,3,1,653.452,31,0.94,1,1112,585,609,390,21.8,3.0465,6.97,2.7679,4,183,2,12,2,3,0,7,0,0,0,0,0,0,0,0,0,0,0,0,0,0,0,165,12,10,1.05,3,1,0.16,0.05,0.01,0.63,26,82,78,100,52,81
"27",0,86,1.8,0.81,0,11,83,3,3,0,0,94,3,0,3,1,19,1,27.41,3.15,6,10,1.35,1128,5,2,6,3.146,4,1.75,17206,5,2,671.147,34,1,0,1398,1012,1277,953,27.41,3.1458,12.06,3.0056,6,22,2,4,0,0,1,3,0,0,0,0,0,0,0,0,0,0,0,0,0,0,0,1128,10,3,1.35,5,2,NA,NA,NA,NA,27,86,55,100,77,100
"28",0,41,2.2,0.24,0.71,36,19,20,25,0,0,100,17,4,4,5,179,1,18.43,2.97,5,7,1.45,251,4,1,5,2.974,7,1.5,6057,4,1,639.606,33,1,0.705882353,940,738,891,705,18.43,2.9736,8.8,2.8686,5,183,4,13,1,3,5,4,0,0,0,0,0,0,0,0,0,0,0,0,0,0,0,251,7,17,1.45,4,1,0.15,0.05,0.01,0.96,28,41,51,85,44,59
"29",1,54,2.5,0.38,0.84,51,28,21,1,0,0,99,14,11,7,2,116,1,20.27,3.01,3,30,1,32,2,1,3,3.015,18,1,1450,2,1,657.294,34,1,0.842105263,1034,609,857,552,20.27,3.0149,7.26,2.7853,3,120,3,20,6,5,2,7,0,0,0,0,0,0,0,0,0,0,0,0,0,0,0,32,30,14,1,2,1,0.3,0.19,0.03,1.97,29,54,84,82,55,48
"30",0,67,1.3,0.46,0.94,64,36,0,0,0,0,100,10,5,9,0,145,1,21.45,3.04,4,10,1.25,107,3,1,4,3.039,9,1.35,1535,3,1,602.03,33,0.94,0.944444444,1094,682,817,563,21.45,3.0394,8.13,2.8344,4,149,2,14,2,3,0,9,0,0,0,0,0,0,0,0,0,0,0,0,0,0,0,107,10,10,1.25,3,1,0.11,0.05,0.02,0.96,30,67,70,70,73,96
"31",0,63,1.5,0.43,0.93,62,34,4,0,0,0,100,13,7,9,0,153,1,89.75,3.66,3,23,1,25,4,1,3,3.661,10,1.4,860,4,1,697.029,34,1,0.933333333,4577,2353,4355,2296,89.75,3.6607,28.05,3.3718,3,157,3,16,4,3,0,9,0,0,0,0,0,0,0,0,0,0,0,0,0,0,0,25,23,13,1,4,1,0.12,0.01,0.01,0.38,31,63,84,94,68,96
"32",0,88,2,0.82,0.07,12,88,0,0,0,0,100,2,0,4,0,179,1,7.25,2.57,6,5,1.7,856,6,2,6,2.569,3,1.85,11819,6,2,551.5,32,0.97,0.066666667,370,174,297,152,7.25,2.5694,2.07,2.243,6,183,2,4,0,0,0,4,0,0,0,0,0,0,0,0,0,0,0,0,0,0,0,856,5,2,1.7,6,2,NA,NA,NA,NA,32,88,48,94,52,82
"33",0,96,1,0.97,1,96,2,2,0,0,0,100,6,3,4,0,91,1,5.98,2.49,5,5,1.45,260,4,1,5,2.486,4,1.6,4914,4,1,660.114,35,1,1,305,196,252,173,5.98,2.4857,2.34,2.2945,5,95,3,7,1,2,0,4,0,0,0,0,0,0,0,0,0,0,0,0,0,0,0,260,5,6,1.45,4,1,NA,NA,NA,NA,33,96,98,100,70,95
"34",0,97,0.9,0.96,1,97,3,0,0,0,0,100,3,0,2,0,179,1,24.22,3.09,5,4,1.45,247,4,1,5,3.092,3,1.55,6896,4,1,617.121,33,0.97,1,1235,638,1148,612,24.22,3.092,7.61,2.8055,5,183,2,2,0,0,0,2,0,0,0,0,0,0,0,0,0,0,0,0,0,0,0,247,4,3,1.45,4,1,NA,NA,NA,NA,34,97,100,100,77,96
"35",0,82,1.8,0.74,1,82,17,1,0,0,0,99,12,1,6,0,165,1,45.71,3.37,6,2,1.6,355,4,1,6,3.368,2,1.75,5644,4,1,559.088,34,0.97,1,2331,1046,1847,889,45.71,3.3677,12.47,3.0199,6,169,2,7,1,0,0,6,0,0,0,0,0,0,0,0,0,0,0,0,0,0,0,355,2,12,1.6,4,1,0.21,0.09,0.01,0.98,35,82,96,96,81,99
"36",0,94,1.2,0.92,1,94,6,0,0,0,0,100,2,1,1,0,158,1,2.04,2.02,5,4,1.65,233,4,1,5,2.021,3,1.7,3873,4,1,731.833,30,0.91,1,104,70,70,48,2.04,2.0212,0.83,1.8513,5,162,2,2,1,0,0,1,0,0,0,0,0,0,0,0,0,0,0,0,0,0,0,233,4,2,1.65,4,1,NA,NA,NA,NA,36,94,96,96,78,100
"37",0,71,2.1,0.51,1,71,29,0,0,0,0,100,14,4,6,0,137,1,14.16,2.86,5,4,1.7,194,4,1,5,2.859,3,1.7,4002,4,1,639.382,34,1,1,722,584,645,534,14.16,2.8591,6.96,2.7672,5,141,2,10,3,1,0,6,0,0,0,0,0,0,0,0,0,0,0,0,0,0,0,194,4,14,1.7,4,1,0.42,0.02,NA,0.18,37,71,98,100,92,87
"38",0,68,2.3,0.54,0.39,28,58,5,4,5,0,95,9,7,5,1,179,1,33.75,3.24,4,18,1,120,3,1,4,3.236,11,1.35,1904,3,1,701.29,31,0.97,0.388888889,1721,697,612,469,33.75,3.236,8.31,2.8439,4,183,4,13,4,3,1,5,0,0,0,0,0,0,0,0,0,0,0,0,0,0,0,120,18,9,1,3,1,NA,NA,NA,NA,38,68,65,62,83,77
"39",0,63,2.1,0.4,0.62,49,48,2,0,0,0,98,4,3,5,0,89,1,35.45,3.26,3,26,1,22,3,1,3,3.257,13,1.3,875,3,1,622.406,32,0.97,0.625,1808,527,351,256,35.45,3.2574,6.28,2.7226,3,93,2,8,1,2,0,5,0,0,0,0,0,0,0,0,0,0,0,0,0,0,0,22,26,4,1,3,1,NA,NA,NA,NA,39,63,100,53,65,89
"40",0,79,2.6,0.65,0.87,77,23,0,0,0,0,100,3,0,2,2,179,1,2.49,2.11,5,6,1.7,161,4,2,5,2.107,3,1.85,1209,4,2,676.813,32,0.94,0.866666667,127,74,108,72,2.49,2.1072,0.88,1.8751,5,183,2,4,0,0,2,2,0,0,0,0,0,0,0,0,0,0,0,0,0,0,0,161,6,3,1.7,4,2,NA,NA,NA,NA,40,79,89,100,89,100
"41",0,95,1.2,0.94,1,95,5,0,0,0,0,100,15,1,6,3,179,1,27.51,3.15,4,18,1,145,3,1,4,3.147,15,1.15,3170,3,1,584.25,32,0.97,1,1403,665,917,497,27.51,3.1474,7.93,2.8235,4,183,2,10,1,0,3,6,0,0,0,0,0,0,0,0,0,0,0,0,0,0,0,145,18,15,1,3,1,NA,NA,NA,NA,41,95,100,100,89,98
"42",0,96,0.8,0.96,1,96,4,0,0,0,0,100,4,2,2,1,179,1,7.22,2.57,5,15,1.2,340,4,2,5,2.567,10,1.45,4714,4,2,658.5,32,0.97,1,368,264,322,236,7.22,2.567,3.15,2.4232,5,183,2,6,1,1,1,2,0,0,0,0,1,0,0,0,0,0,0,0,0,0,0,340,15,4,1.2,4,2,NA,NA,NA,NA,42,96,80,98,87,99
"43",0,90,1.5,0.87,0.94,88,12,0,0,0,0,100,6,1,4,0,84,1,9.82,2.7,6,1,1.9,688,4,2,6,2.701,0,2,8917,4,2,649.719,32,0.94,0.9375,501,391,462,383,9.82,2.7007,4.66,2.5933,6,88,2,5,1,0,0,4,0,0,0,0,0,0,0,0,0,0,0,0,0,0,0,688,1,6,1.9,4,2,NA,NA,NA,NA,43,90,96,100,85,97
"44",0,78,1.8,0.68,1,78,22,0,0,0,0,100,7,3,1,0,179,1,74.18,3.58,3,21,1,16,3,1,3,3.578,8,1.15,1986,3,1,566.647,34,0.97,1,3783,1546,3607,1504,74.18,3.578,18.43,3.1895,3,183,2,4,2,1,0,1,0,0,0,0,0,0,0,0,0,0,0,0,0,0,0,16,21,7,1,3,1,NA,NA,NA,NA,44,78,100,100,81,100
"45",0,87,1.7,0.82,1,87,11,2,0,0,0,98,9,1,5,0,119,1,14.12,2.86,4,14,1.05,122,3,1,4,2.858,10,1.3,3281,3,1,599.471,34,1,1,720,403,369,273,14.12,2.8579,4.8,2.6064,4,123,2,6,1,0,0,5,0,0,0,0,0,0,0,0,0,0,0,0,0,0,0,122,14,9,1.05,3,1,NA,NA,NA,NA,45,87,88,86,72,86
"46",0,65,2.8,0.52,0.92,65,16,18,2,0,0,100,12,7,7,0,179,1,38.57,3.29,4,10,1.3,78,3,1,4,3.294,5,1.6,2132,3,1,658.97,33,1,0.923076923,1967,1295,1856,1255,38.57,3.294,15.44,3.1126,4,183,4,14,4,3,0,7,0,0,0,0,0,0,0,0,0,0,0,0,0,0,0,78,10,12,1.3,3,1,NA,NA,NA,NA,46,65,39,88,60,83
"47",0,97,0.8,0.96,1,97,3,0,0,0,0,100,4,0,4,0,179,1,35.8,3.26,3,28,1,28,3,1,3,3.262,15,1.1,2809,3,1,644.273,33,0.97,1,1826,961,1709,926,35.8,3.2617,11.46,2.9832,3,183,2,4,0,0,0,4,0,0,0,0,0,0,0,0,0,0,0,0,0,0,0,28,28,4,1,3,1,NA,NA,NA,NA,47,97,100,100,86,99
"48",0,64,2,0.36,0.43,38,62,0,0,0,0,100,4,0,3,0,132,1,2.96,2.18,4,8,1.4,130,3,1,4,2.182,3,1.85,4968,3,1,636.323,31,0.91,0.428571429,151,108,132,100,2.96,2.1818,1.29,2.0374,4,136,2,3,0,0,0,3,0,0,0,0,0,0,0,0,0,0,0,0,0,0,0,130,8,4,1.4,3,1,0.65,0.08,NA,0.53,48,64,81,81,80,79
"49",0,90,2.1,0.87,0.89,86,8,6,0,0,0,94,12,3,5,1,151,1,51.22,3.42,4,11,1,128,4,1,4,3.417,8,1.2,3626,4,1,652.909,33,1,0.894736842,2612,1094,2309,1016,51.22,3.4171,13.04,3.0394,4,155,2,9,0,3,1,5,0,0,0,0,0,0,0,0,0,0,0,0,0,0,0,128,11,12,1,4,1,NA,NA,NA,NA,49,90,83,95,73,99
"50",0,80,2.4,0.67,1,80,20,1,0,0,0,99,10,5,7,0,179,1,18.75,2.98,3,30,1,30,3,1,3,2.981,18,1,2676,3,1,597.094,32,0.97,1,956,619,687,524,18.75,2.9809,7.38,2.7924,3,183,2,12,5,0,0,7,0,0,0,0,0,0,0,0,0,0,0,0,0,0,0,30,30,10,1,3,1,0.45,0.02,0.01,0.43,50,80,100,100,94,100
"51",0,72,2.2,0.55,1,72,28,0,0,0,0,100,2,0,2,0,133,1,8.24,2.62,4,20,1,115,3,1,4,2.624,14,1.1,4339,3,1,634.968,31,0.91,1,420,225,169,116,8.24,2.6243,2.68,2.3541,4,137,2,2,0,0,0,2,0,0,0,0,0,0,0,0,0,0,0,0,0,0,0,115,20,2,1,3,1,0.16,0.23,NA,0.99,51,72,63,86,82,93
"52",0,91,2,0.86,1,91,9,0,0,0,0,100,11,0,5,6,96,1,12.71,2.81,7,2,2.15,615,6,3,7,2.812,1,2.55,10615,6,3,625.281,32,0.97,1,648,491,574,443,12.71,2.8122,5.85,2.692,7,100,2,11,0,0,6,5,0,0,0,0,0,0,0,0,0,0,0,0,0,0,0,615,2,11,2.15,6,3,0.35,0.06,0.07,1.49,52,91,94,100,92,100
"53",0,91,1.7,0.89,1,91,5,4,0,0,0,96,13,1,5,0,144,1,85.43,3.64,4,21,1,202,3,1,4,3.639,12,1.15,5396,4,1,605.091,33,0.97,1,4357,2107,4236,2076,85.43,3.6393,25.12,3.3239,4,148,2,6,1,0,0,5,0,0,0,0,0,0,0,0,0,0,0,0,0,0,0,202,21,13,1,3,1,0.2,0.1,0.01,1.08,53,91,100,100,92,100
"54",0,98,0.6,0.97,1,98,2,0,0,0,0,100,4,1,2,0,179,1,3.27,2.23,7,1,1.85,1871,5,2,7,2.225,0,2.5,13051,5,2,643.606,33,1,1,167,116,158,113,3.27,2.2253,1.38,2.0682,7,183,2,3,1,0,0,2,0,0,0,0,0,0,0,0,0,0,0,0,0,0,0,1871,1,4,1.85,5,2,NA,NA,NA,NA,54,98,89,96,62,64
"55",0,92,1.8,0.87,1,92,8,0,0,0,0,100,10,0,5,0,170,1,66.33,3.53,3,38,1,35,3,1,3,3.529,18,1,5984,3,1,520.613,31,0.94,1,3383,1386,2855,1241,66.33,3.5294,16.52,3.1421,3,174,2,5,0,0,0,5,0,0,0,0,0,0,0,0,0,0,0,0,0,0,0,35,38,10,1,3,1,NA,NA,NA,NA,55,92,100,100,89,99
"56",0,86,1.9,0.86,1,86,7,7,0,0,0,100,6,7,5,0,179,1,32.8,3.22,5,5,1.4,307,3,1,5,3.224,5,1.45,6145,3,1,660.333,33,1,1,1673,944,894,743,32.8,3.2238,11.25,2.9754,5,183,3,12,5,2,0,5,0,0,0,0,0,0,0,0,0,0,0,0,0,0,0,307,5,6,1.4,3,1,NA,NA,NA,NA,56,86,96,86,78,99
"57",0,96,1.3,0.97,1,96,2,2,0,0,0,100,2,0,3,0,179,1,7.45,2.58,5,4,1.7,212,3,1,5,2.581,1,1.9,9326,3,1,676.633,30,0.88,1,380,189,332,176,7.45,2.5809,2.25,2.2788,5,183,3,3,0,0,0,3,0,0,0,0,0,0,0,0,0,0,0,0,0,0,0,212,4,2,1.7,3,1,NA,NA,NA,NA,57,96,92,100,94,100
"58",0,75,2.8,0.57,0.93,73,20,7,0,0,0,93,14,2,6,0,179,1,20.61,3.02,4,14,1.05,79,3,1,4,3.022,8,1.35,3129,3,1,579.382,34,1,0.933333333,1051,490,799,413,20.61,3.022,5.84,2.6911,4,183,2,8,0,2,0,6,0,0,0,0,0,0,0,0,0,0,0,0,0,0,0,79,14,14,1.05,3,1,0.13,0.03,0.09,1.02,58,75,97,100,65,93
"59",0,82,2.5,0.82,1,82,8,10,0,0,0,100,10,6,4,0,141,1,13.61,2.84,4,14,1,88,3,1,4,2.842,7,1.45,3462,3,1,639.794,34,1,1,694,453,551,393,13.61,2.842,5.4,2.6571,4,145,3,10,4,2,0,4,0,0,0,0,0,0,0,0,0,0,0,0,0,0,0,88,14,10,1,3,1,0.09,0.21,0.01,1.15,59,82,86,100,88,100
"60",0,71,2.9,0.62,0.93,66,16,13,5,0,0,95,7,5,5,0,179,1,21.49,3.04,5,6,1.55,212,3,1,5,3.04,6,1.7,3193,3,1,731.71,31,0.91,0.928571429,1096,363,106,91,21.49,3.0402,4.33,2.5611,5,183,3,10,5,0,0,5,0,0,0,0,0,0,0,0,0,0,0,0,0,0,0,212,6,7,1.55,3,1,0.17,0.14,0.03,2.08,60,71,58,54,50,93
"61",0,96,0.8,0.96,1,96,4,0,0,0,0,100,2,2,2,0,167,1,58.63,3.48,5,8,1.4,227,4,1,5,3.476,8,1.45,3639,4,1,583.844,32,0.97,1,2990,1639,2893,1608,58.63,3.4758,19.54,3.2148,5,171,2,4,1,1,0,2,0,0,0,0,0,0,0,0,0,0,0,0,0,0,0,227,8,2,1.4,4,1,NA,NA,NA,NA,61,96,92,100,89,100
"62",0,95,1.2,0.94,1,95,5,0,0,0,0,100,2,0,4,2,163,1,10.88,2.75,8,0,2.8,722,6,2,8,2.745,0,3.35,8304,6,2,614.206,34,1,1,555,429,518,402,10.88,2.7451,5.11,2.6335,8,167,2,6,0,0,2,4,0,0,0,0,0,0,0,0,0,0,0,0,0,0,0,722,0,2,2.8,6,2,NA,NA,NA,NA,62,95,95,100,59,54
"63",0,95,1.2,0.94,1,95,5,0,0,0,0,100,3,0,4,0,179,1,12.27,2.8,4,14,1.1,127,4,2,4,2.797,6,1.6,5370,4,2,648.8,30,0.88,1,626,362,606,355,12.27,2.7973,4.32,2.5599,4,183,2,4,0,0,0,4,0,0,0,0,0,0,0,0,0,0,0,0,0,0,0,127,14,3,1.1,4,2,NA,NA,NA,NA,63,95,94,92,53,83
"64",0,83,1.3,0.78,1,83,17,0,0,0,0,100,11,2,3,5,59,1,1.69,1.94,7,0,2.25,630,7,2,7,1.94,0,2.45,8269,7,2,614.853,34,1,1,86,70,76,63,1.69,1.9395,0.83,1.8513,7,63,2,10,2,0,5,3,0,0,0,0,0,0,0,0,0,0,0,0,0,0,0,630,0,11,2.25,7,2,0.36,0.16,0.1,2.11,64,83,100,100,90,100
"65",0,66,1.6,0.43,0.94,65,35,0,0,0,0,100,11,6,5,3,179,1,7.08,2.56,8,0,2.6,770,7,2,8,2.559,0,2.7,10936,7,2,668.353,34,1,0.944444444,361,239,345,228,7.08,2.5587,2.85,2.3802,8,183,2,14,4,2,3,5,0,0,0,0,0,0,0,0,0,0,0,0,0,0,0,770,0,11,2.6,7,2,0.13,0.09,0.1,1.8,65,66,85,94,92,96
"66",0,71,1.8,0.54,0.76,62,34,4,0,0,0,96,5,1,3,0,179,1,2.24,2.06,7,1,2.15,845,6,2,7,2.061,0,2.35,14431,6,2,724.788,33,0.97,0.764705882,114,93,109,91,2.24,2.0607,1.11,1.9731,7,183,2,4,1,0,0,3,0,0,0,0,0,0,0,0,0,0,0,0,0,0,0,845,1,5,2.15,6,2,0.12,0.07,NA,0.9,66,71,50,56,58,96
"67",1,66,2.2,0.39,0.8,55,45,0,0,0,0,100,10,1,6,1,20,1,7.63,2.59,7,6,1.65,995,7,2,7,2.591,5,1.7,21326,7,2,656.765,34,1,0.8,389,319,370,306,7.63,2.5911,3.8,2.5051,7,23,2,8,1,0,1,6,0,0,0,0,0,0,0,0,0,0,0,0,0,0,0,995,6,10,1.65,7,2,NA,NA,NA,NA,67,66,66,66,59,99
"68",0,87,1.9,0.83,0.07,13,86,0,1,0,0,99,3,2,2,0,179,1,86.14,3.64,3,28,1,28,3,1,3,3.643,17,1,3224,3,1,585.303,33,1,0.066666667,4393,1467,4131,1408,86.14,3.6429,17.49,3.1667,3,183,3,4,2,0,0,2,0,0,0,0,0,0,0,0,0,0,0,0,0,0,0,28,28,3,1,3,1,NA,NA,NA,NA,68,87,82,91,53,77
"69",0,89,1.9,0.83,1,89,11,0,0,0,0,100,9,2,5,0,161,1,14.22,2.86,4,21,1,190,3,1,4,2.861,11,1.2,5700,4,1,555.424,33,0.97,1,725,403,633,361,14.22,2.8609,4.8,2.6064,4,165,2,7,2,0,0,5,0,0,0,0,0,0,0,0,0,0,0,0,0,0,0,190,21,9,1,3,1,0.35,0.01,NA,0.09,69,89,55,98,57,87
"70",0,87,2.1,0.8,0.06,13,87,0,0,0,0,100,3,0,1,1,179,1,15.73,2.9,8,0,2.5,999,7,3,8,2.905,0,3,15498,8,3,779.71,31,0.91,0.0625,802,281,179,109,15.73,2.9047,3.35,2.4502,8,183,2,2,0,0,1,1,0,0,0,0,0,0,0,0,0,0,0,0,0,0,0,999,0,3,2.5,7,3,NA,NA,NA,NA,70,87,69,69,77,76
"71",0,87,1.1,0.84,1,87,13,0,0,0,0,100,11,14,7,0,58,1,89.96,3.66,5,3,1.65,323,4,1,5,3.662,2,1.8,9022,4,1,588.714,35,1,1,4588,2655,3618,2421,89.96,3.6617,31.65,3.4242,5,62,3,21,8,6,0,7,0,0,0,0,0,0,0,0,0,0,0,0,0,0,0,323,3,11,1.65,4,1,0.26,0.16,0.02,0.88,71,87,81,86,92,99
"72",0,60,1.8,0.47,0.62,45,16,39,0,0,0,100,13,2,6,1,179,1,13.9,2.85,7,3,1.8,1931,6,2,7,2.851,1,1.9,19579,5,2,588.265,34,1,0.625,709,540,677,518,13.9,2.8513,6.44,2.7332,7,183,3,10,1,1,1,6,0,0,1,0,0,0,0,0,0,0,0,0,0,0,0,1931,3,13,1.8,6,2,0.24,0.04,0.03,1.3,72,60,88,87,60,72
"73",0,96,0.9,0.95,1,96,4,0,0,0,0,100,4,1,2,0,177,1,25.51,3.11,3,32,1,32,2,1,3,3.115,18,1,3159,2,1,580.719,32,0.94,1,1301,728,1202,696,25.51,3.1146,8.68,2.8627,3,181,2,3,1,0,0,2,0,0,0,0,0,0,0,0,0,0,0,0,0,0,0,32,32,4,1,2,1,NA,NA,NA,NA,73,96,93,100,55,97
"74",0,71,2.1,0.52,0.94,69,31,0,0,0,0,100,11,3,6,0,152,1,6.9,2.55,4,9,1.4,90,4,1,4,2.548,7,1.55,4912,4,1,619.313,32,0.94,0.9375,352,188,241,150,6.9,2.5478,2.24,2.2765,4,156,2,9,0,3,0,6,0,0,0,0,0,0,0,0,0,0,0,0,0,0,0,90,9,11,1.4,4,1,0.15,0.03,0.05,0.81,74,71,98,91,87,99
"75",0,66,2.3,0.4,1,66,34,0,0,0,0,100,5,3,4,2,179,1,2.8,2.16,5,6,1.4,285,5,1,5,2.158,4,1.55,5729,5,1,607.375,32,1,1,143,109,128,104,2.8,2.1584,1.3,2.0414,5,183,2,9,2,1,2,4,0,0,0,0,0,0,0,0,0,0,0,0,0,0,0,285,6,5,1.4,5,1,NA,NA,NA,NA,75,66,75,96,79,83
"76",0,96,1.1,0.95,0.94,91,9,0,0,0,0,100,17,9,5,1,179,1,28.65,3.16,5,5,1.65,304,4,1,5,3.165,5,1.65,6653,4,1,639.121,33,1,0.941176471,1461,892,1336,840,28.65,3.1649,10.63,2.9509,5,183,2,15,3,6,1,5,0,0,0,0,0,0,0,0,0,0,0,0,0,0,0,304,5,17,1.65,4,1,NA,NA,NA,NA,76,96,100,100,98,100
"77",0,68,2.1,0.44,0.93,64,36,0,0,0,0,100,3,1,3,0,179,1,2.82,2.16,7,0,1.9,782,6,2,7,2.161,0,1.95,9156,6,2,667.794,34,0.97,0.933333333,144,94,98,74,2.82,2.1614,1.12,1.9777,7,183,2,4,0,1,0,3,0,0,0,0,0,0,0,0,0,0,0,0,0,0,0,782,0,3,1.9,6,2,0.12,0.15,NA,0.98,77,68,68,89,80,99
"78",0,96,1.2,0.94,1,96,4,0,0,0,0,100,7,2,4,0,141,1,2.98,2.18,4,9,1.3,65,4,1,4,2.185,5,1.55,1892,4,1,589.824,34,1,1,152,91,121,70,2.98,2.1847,1.08,1.9638,4,145,2,6,2,0,0,4,0,0,0,0,0,0,0,0,0,0,0,0,0,0,0,65,9,7,1.3,4,1,NA,NA,NA,NA,78,96,94,98,90,99
"79",0,67,1.9,0.45,0.73,58,42,0,0,0,0,100,5,3,4,0,51,1,7.78,2.6,3,17,1,16,3,1,3,2.6,8,1.35,1060,3,1,641.065,31,0.94,0.733333333,397,293,315,248,7.78,2.5999,3.49,2.4683,3,55,2,7,3,0,0,4,0,0,0,0,0,0,0,0,0,0,0,0,0,0,0,16,17,5,1,3,1,0.42,0.03,NA,0.86,79,67,73,52,71,53
"80",0,86,2.5,0.76,0.94,83,17,0,0,0,0,100,4,2,3,0,179,1,5.71,2.47,4,12,1.25,72,3,1,4,2.465,4,1.7,1185,3,1,694.828,29,0.85,0.9375,291,237,197,164,5.71,2.4654,2.83,2.3766,4,183,2,5,2,0,0,3,0,0,0,0,0,0,0,0,0,0,0,0,0,0,0,72,12,4,1.25,3,1,0.24,0.1,NA,0.69,80,86,60,98,87,83
"81",0,89,2.1,0.84,0.94,88,12,0,0,0,0,100,4,2,3,0,179,1,5.75,2.47,3,35,1,33,3,1,3,2.468,13,1,1479,3,1,704.667,30,0.91,0.9375,293,124,227,101,5.75,2.4683,1.48,2.0969,3,183,2,5,2,0,0,3,0,0,0,0,0,0,0,0,0,0,0,0,0,0,0,33,35,4,1,3,1,NA,NA,NA,NA,81,89,76,96,80,96
"82",0,95,1,0.94,1,95,5,0,0,0,0,100,4,2,2,0,74,1,3.53,2.26,4,21,1,153,4,1,4,2.258,14,1.25,9435,4,1,744.323,31,0.91,1,180,125,131,112,3.53,2.2577,1.49,2.1004,4,78,2,4,1,1,0,2,0,0,0,0,0,0,0,0,0,0,0,0,0,0,0,153,21,4,1,4,1,NA,NA,NA,NA,82,95,94,98,95,100
"83",0,59,2.3,0.27,1,59,37,4,0,0,0,100,4,3,4,2,179,1,27.98,3.15,6,0,1.85,536,5,2,6,3.155,0,1.9,16286,5,2,608.647,34,1,1,1427,730,1230,645,27.98,3.1547,8.7,2.8639,6,183,3,9,2,1,2,4,0,0,0,0,0,0,0,0,0,0,0,0,0,0,0,536,0,4,1.85,5,2,0.17,0.02,NA,0.3,83,59,96,96,49,85
"84",0,92,1.6,0.88,1,92,8,0,0,0,0,100,6,3,4,0,74,1,15.37,2.89,4,10,1.3,95,4,2,4,2.895,4,1.7,4484,4,1,664.559,34,1,1,784,557,654,475,15.37,2.8949,6.64,2.7466,4,78,2,7,1,2,0,4,0,0,0,0,0,0,0,0,0,0,0,0,0,0,0,95,10,6,1.3,4,2,NA,NA,NA,NA,84,92,93,98,88,96
"85",0,78,3.1,0.73,0.94,77,13,6,5,0,0,100,12,7,6,0,128,1,9.75,2.7,4,16,1.05,141,3,1,4,2.697,11,1.35,2179,3,1,700.303,33,1,0.941176471,497,307,441,289,9.75,2.6972,3.66,2.4886,4,132,4,13,5,2,0,6,0,0,0,0,0,0,0,0,0,0,0,0,0,0,0,141,16,12,1.05,3,1,NA,NA,NA,NA,85,78,98,100,68,95
"86",0,67,2.5,0.42,0.75,49,50,1,0,0,0,99,5,1,4,0,169,1,5.57,2.45,4,20,1,106,3,1,4,2.455,13,1.15,3030,3,1,631.657,35,1,0.75,284,133,171,122,5.57,2.4548,1.59,2.1271,4,173,2,5,0,0,0,4,1,0,0,0,0,0,0,0,0,0,0,0,0,0,0,106,20,5,1,3,1,0.31,0.09,0.02,0.86,86,67,97,82,87,97
"87",0,80,1.9,0.7,0.07,20,80,0,0,0,0,100,5,0,3,0,125,1,3.57,2.26,7,3,1.75,1439,6,2,7,2.263,3,2.2,19191,5,2,720.273,33,1,0.071428571,182,159,178,156,3.57,2.2625,1.9,2.2041,7,129,2,3,0,0,0,3,0,0,0,0,0,0,0,0,0,0,0,0,0,0,0,1439,3,5,1.75,6,2,NA,NA,NA,NA,87,80,90,100,75,94
"88",0,85,2.3,0.84,1,85,10,5,0,0,0,100,9,10,8,0,138,1,13.75,2.85,5,7,1.5,274,4,1,5,2.846,2,1.8,6319,4,1,626.273,33,0.97,1,701,466,658,450,13.75,2.8463,5.56,2.6693,5,142,3,18,7,3,0,8,0,0,0,0,0,0,0,0,0,0,0,0,0,0,0,274,7,9,1.5,4,1,0.13,0.08,NA,0.89,88,85,94,100,83,99
"89",0,83,1.8,0.76,1,83,17,0,0,0,0,100,3,3,2,0,10,1,28.86,3.17,5,6,1.5,225,4,1,5,3.168,5,1.6,4981,4,1,753.647,34,0.97,1,1472,1101,1413,1076,28.86,3.1682,13.13,3.0422,5,13,2,5,1,1,0,2,1,0,0,0,0,0,0,0,0,0,0,0,0,0,0,225,6,3,1.5,4,1,0.41,0.01,0.02,0.44,89,83,90,87,89,93
"90",0,59,1.9,0.3,0.76,54,42,4,0,0,0,100,8,6,6,0,177,1,24.76,3.1,4,18,1,110,3,1,4,3.102,11,1.35,1745,3,1,546.182,33,1,0.764705882,1263,703,938,562,24.76,3.1017,8.38,2.8476,4,181,3,12,3,3,0,6,0,0,0,0,0,0,0,0,0,0,0,0,0,0,0,110,18,8,1,3,1,0.15,0.01,NA,0.35,90,59,92,97,76,60
"91",0,81,1.7,0.74,1,81,19,0,0,0,0,100,5,1,5,0,158,1,32,3.21,3,22,1,23,2,1,3,3.213,11,1,4780,2,1,550.1,30,0.88,1,1632,1106,1579,1092,32,3.213,13.19,3.0441,3,162,2,6,0,1,0,5,0,0,0,0,0,0,0,0,0,0,0,0,0,0,0,23,22,5,1,2,1,0.16,NA,NA,0,91,81,51,100,83,88
"92",0,85,1.8,0.79,1,85,14,1,0,0,0,99,5,1,4,0,160,1,26.04,3.12,3,3,1.65,3,2,1,3,3.124,1,1.9,673,2,1,565.314,35,1,1,1328,726,1237,694,26.04,3.1235,8.66,2.8615,3,164,2,5,1,0,0,4,0,0,0,0,0,0,0,0,0,0,0,0,0,0,0,3,3,5,1.65,2,1,NA,NA,NA,NA,92,85,83,100,91,100
"93",0,83,2.4,0.73,1,83,17,0,0,0,0,100,5,1,3,0,80,1,15.69,2.9,8,0,2.5,657,7,2,8,2.904,0,2.6,18145,7,2,640.2,30,0.97,1,800,609,784,601,15.69,2.9036,7.26,2.7853,8,84,2,4,1,0,0,3,0,0,0,0,0,0,0,0,0,0,0,0,0,0,0,657,0,5,2.5,7,2,0.62,0.01,NA,0.09,93,83,96,100,90,100
"94",0,70,1.9,0.51,0.93,67,33,0,0,0,0,100,17,0,2,7,46,1,94.75,3.68,4,7,1.2,106,3,1,4,3.684,5,1.45,2156,3,1,552.968,31,1,0.933333333,4832,2810,4184,2533,94.75,3.6842,33.5,3.4489,4,50,2,10,0,0,7,2,0,0,1,0,0,0,0,0,0,0,0,0,0,0,0,106,7,17,1.2,3,1,0.06,0.03,0.03,1.89,94,70,81,71,69,54
"95",0,56,1.3,0.17,0.73,45,55,0,0,0,0,100,7,5,3,0,148,1,35.14,3.25,3,31,1,29,3,1,3,3.254,14,1,3911,3,1,546.824,34,0.97,0.733333333,1792,1097,1562,1037,35.14,3.2536,13.08,3.0406,3,152,2,8,3,2,0,3,0,0,0,0,0,0,0,0,0,0,0,0,0,0,0,29,31,7,1,3,1,0.21,0.05,NA,0.72,95,56,98,88,82,98
"96",0,82,2.2,0.77,1,82,15,2,1,0,0,100,7,4,1,2,40,1,73,3.57,4,21,1,138,3,1,4,3.571,13,1.3,3922,3,1,595.943,35,1,1,3723,2423,3604,2393,73,3.571,28.89,3.3845,4,44,4,7,3,0,2,1,1,0,0,0,0,0,0,0,0,0,0,0,0,0,0,138,21,7,1,3,1,NA,NA,NA,NA,96,82,45,98,59,79
"97",0,64,1.9,0.36,0.83,56,44,0,0,0,0,100,9,5,4,0,49,1,44.04,3.35,4,23,1,151,3,1,4,3.352,14,1.15,5648,3,1,628.088,34,1,0.833333333,2246,1279,2129,1243,44.04,3.3516,15.25,3.1072,4,53,2,9,3,2,0,4,0,0,0,0,0,0,0,0,0,0,0,0,0,0,0,151,23,9,1,3,1,0.2,0.08,0.01,0.82,97,64,82,82,91,99
"98",0,58,1.7,0.21,1,58,42,0,0,0,0,100,15,2,1,4,26,1,35.27,3.26,4,5,1.6,86,3,1,4,3.255,4,1.7,2192,3,1,560.714,35,1,1,1799,966,1754,944,35.27,3.2553,11.52,2.9854,4,29,2,8,1,1,4,1,0,0,1,0,0,0,0,0,0,0,0,0,0,0,0,86,5,15,1.6,3,1,0.13,0.04,NA,0.61,98,58,76,76,59,96
"99",0,69,2.3,0.47,1,69,31,0,0,0,0,100,16,6,3,2,179,1,57.59,3.47,3,27,1,26,3,1,3,3.468,14,1.05,2977,3,1,618.133,30,0.91,1,2937,2090,2830,2057,57.59,3.4681,24.92,3.3204,3,183,2,11,4,2,2,3,0,0,0,0,0,0,0,0,0,0,0,0,0,0,0,26,27,16,1,3,1,0.06,0.08,0.02,1.29,99,69,95,95,93,99
"100",0,83,2.4,0.84,1,83,2,5,8,2,0,98,12,5,3,0,164,1,17.49,2.95,4,14,1.1,87,4,1,4,2.951,9,1.45,3276,4,1,533.697,33,0.97,1,892,497,781,454,17.49,2.9509,5.93,2.6972,4,168,4,8,3,2,0,3,0,0,0,0,0,0,0,0,0,0,0,0,0,0,0,87,14,12,1.1,4,1,NA,NA,NA,NA,100,83,95,100,72,99
"101",0,77,2.2,0.64,1,77,23,0,0,0,0,100,26,0,6,7,179,1,26.22,3.13,4,17,1,113,4,1,4,3.127,11,1.3,6673,4,1,571.471,34,1,1,1337,913,1233,866,26.22,3.1265,10.88,2.9609,4,183,2,17,0,0,7,6,0,0,4,0,0,0,0,0,0,0,0,0,0,0,0,113,17,26,1,4,1,0.11,0.02,0.02,0.62,101,77,80,90,86,97
"102",0,79,2.5,0.66,1,79,21,0,0,0,0,100,7,4,3,1,90,1,10.59,2.73,5,4,1.65,229,4,1,5,2.733,2,1.75,6113,4,1,674.781,32,0.94,1,540,217,454,192,10.59,2.7332,2.59,2.3385,5,94,2,8,2,2,1,3,0,0,0,0,0,0,0,0,0,0,0,0,0,0,0,229,4,7,1.65,4,1,0.3,0.02,NA,0.41,102,79,95,87,61,99
"103",0,83,1.8,0.77,1,83,17,0,0,0,0,100,12,0,7,0,179,1,59.69,3.48,6,5,1.55,246,4,1,6,3.484,5,1.55,4850,4,1,586.645,31,1,1,3044,1358,2524,1255,59.69,3.4836,16.19,3.1332,6,183,2,7,0,0,0,7,0,0,0,0,0,0,0,0,0,0,0,0,0,0,0,246,5,12,1.55,4,1,0.36,0.01,0.02,0.39,103,83,100,93,92,100
"104",0,81,2.2,0.76,0.84,74,4,22,0,0,0,100,16,7,3,2,179,1,14.27,2.86,4,7,1.5,61,4,1,4,2.863,6,1.6,3747,4,1,597.939,33,1,0.842105263,728,488,563,436,14.27,2.8627,5.82,2.6893,4,183,3,12,3,4,2,3,0,0,0,0,0,0,0,0,0,0,0,0,0,0,0,61,7,16,1.5,4,1,NA,NA,NA,NA,104,81,76,97,88,100
"105",0,59,2.8,0.5,0.94,59,17,6,18,0,0,100,18,8,6,4,103,1,9.37,2.68,5,5,1.65,193,4,1,5,2.68,5,1.7,3817,4,1,643.594,32,0.97,0.944444444,478,352,432,329,9.37,2.6803,4.2,2.5478,5,107,4,20,4,4,4,6,0,0,2,0,0,0,0,0,0,0,0,0,0,0,0,193,5,18,1.65,4,1,0.77,0.06,0.02,0.82,105,59,86,96,51,79
"106",0,59,1.7,0.25,0.89,57,42,1,0,0,0,99,20,9,6,0,148,1,85,3.64,3,11,1.25,9,3,1,3,3.637,4,1.75,2017,3,1,541.697,33,1,0.888888889,4335,2117,4008,2045,85,3.6371,25.24,3.3259,3,152,2,15,3,6,0,6,0,0,0,0,0,0,0,0,0,0,0,0,0,0,0,9,11,20,1.25,3,1,0.11,0.11,0.01,1.2,106,59,69,75,87,88
"107",0,71,2.4,0.56,0.2,26,70,4,0,0,0,100,8,3,7,0,82,1,1.22,1.8,4,11,1.3,80,3,1,4,1.799,9,1.5,2372,3,1,634.25,32,0.94,0.2,62,53,60,52,1.22,1.7993,0.63,1.7324,4,86,3,10,3,0,0,7,0,0,0,0,0,0,0,0,0,0,0,0,0,0,0,80,11,8,1.3,3,1,0.28,0.02,0.02,0.87,107,71,93,94,63,47
"108",0,88,2.2,0.82,1,88,12,0,0,0,0,100,13,13,7,0,179,1,8.63,2.64,4,14,1.1,120,4,1,4,2.644,11,1.35,2217,4,1,598.313,32,0.97,1,440,320,370,292,8.63,2.6444,3.81,2.5065,4,183,2,20,9,4,0,7,0,0,0,0,0,0,0,0,0,0,0,0,0,0,0,120,14,13,1.1,4,1,0.23,0.01,NA,0.09,108,88,98,100,85,94
"109",0,92,1.3,0.9,1,92,8,0,0,0,0,100,5,0,1,4,39,1,1.59,1.91,5,4,1.7,247,4,1,5,1.914,3,1.75,5839,4,1,666.844,32,0.94,1,81,70,77,69,1.59,1.9138,0.83,1.8513,5,43,2,5,0,0,4,1,0,0,0,0,0,0,0,0,0,0,0,0,0,0,0,247,4,5,1.7,4,1,NA,NA,NA,NA,109,92,62,100,82,93
"110",0,97,0.7,0.97,1,97,3,0,0,0,0,100,3,2,3,1,179,1,36.75,3.27,5,4,1.7,202,4,1,5,3.273,3,1.75,7066,4,1,594.406,32,1,1,1874,1198,1741,1148,36.75,3.273,14.28,3.0788,5,183,2,6,1,1,1,3,0,0,0,0,0,0,0,0,0,0,0,0,0,0,0,202,4,3,1.7,4,1,NA,NA,NA,NA,110,97,73,100,85,100
"111",0,98,0.4,0.98,1,98,2,0,0,0,0,100,4,0,5,0,170,1,11.82,2.78,4,9,1.35,67,4,1,4,2.781,2,1.8,3027,4,1,607.625,32,0.97,1,603,271,504,245,11.82,2.781,3.23,2.4346,4,174,2,5,0,0,0,5,0,0,0,0,0,0,0,0,0,0,0,0,0,0,0,67,9,4,1.35,4,1,NA,NA,NA,NA,111,98,80,94,83,98
"112",0,88,1.4,0.84,1,88,11,1,0,0,0,99,6,4,6,0,179,1,8.39,2.63,3,14,1.05,12,3,1,3,2.633,6,1.6,1012,3,1,654.125,32,0.97,1,428,329,352,293,8.39,2.6325,3.92,2.5185,3,183,2,10,2,2,0,6,0,0,0,0,0,0,0,0,0,0,0,0,0,0,0,12,14,6,1.05,3,1,NA,NA,NA,NA,112,88,97,100,81,72
"113",0,73,2.8,0.53,1,73,27,0,0,0,0,100,3,3,1,0,134,1,3.63,2.27,5,5,1.65,142,3,1,5,2.27,3,1.85,2115,3,1,722.857,35,1,1,185,122,148,102,3.63,2.2695,1.45,2.0899,5,138,2,4,1,2,0,1,0,0,0,0,0,0,0,0,0,0,0,0,0,0,0,142,5,3,1.65,3,1,NA,NA,NA,NA,113,73,93,100,54,55
"114",0,79,2.2,0.68,0.94,78,22,0,0,0,0,100,9,6,4,0,179,1,7.06,2.56,3,30,1,30,3,1,3,2.558,16,1,1398,3,1,688.586,29,0.88,0.9375,360,271,339,255,7.06,2.5575,3.23,2.4346,3,183,2,10,4,2,0,4,0,0,0,0,0,0,0,0,0,0,0,0,0,0,0,30,30,9,1,3,1,0.2,0.16,0.03,1.43,114,79,51,55,76,92
"115",0,95,1.2,0.94,1,95,5,0,0,0,0,100,5,2,3,0,107,1,30.14,3.19,4,17,1,185,3,1,4,3.187,8,1.5,8016,3,1,629.455,33,0.94,1,1537,802,1388,742,30.14,3.187,9.56,2.9047,4,111,2,5,1,1,0,3,0,0,0,0,0,0,0,0,0,0,0,0,0,0,0,185,17,5,1,3,1,NA,NA,NA,NA,115,95,94,100,85,100
"116",0,75,1.9,0.69,0.93,72,19,9,0,0,0,100,6,1,4,0,124,1,11.27,2.76,3,28,1,25,3,1,3,2.76,11,1.25,7473,3,1,729.929,28,0.88,0.933333333,575,317,403,252,11.27,2.7604,3.78,2.5024,3,128,3,5,1,0,0,4,0,0,0,0,0,0,0,0,0,0,0,0,0,0,0,25,28,6,1,3,1,0.37,0.07,NA,0.42,116,75,92,92,66,74
"117",0,74,2.5,0.55,1,74,26,0,0,0,0,100,6,3,4,0,108,1,1.61,1.92,5,7,1.45,289,4,1,5,1.919,6,1.65,9962,4,1,602.091,33,0.94,1,82,72,80,71,1.61,1.9191,0.86,1.8633,5,112,2,7,1,2,0,4,0,0,0,0,0,0,0,0,0,0,0,0,0,0,0,289,7,6,1.45,4,1,0.13,0.25,NA,1,117,74,98,98,84,81
"118",0,75,2.5,0.57,0.79,56,44,0,0,0,0,100,8,6,3,0,36,1,1.02,1.72,5,12,1,337,4,1,5,1.724,8,1.35,12434,4,1,689.688,32,0.94,0.785714286,52,42,49,41,1.02,1.7243,0.5,1.6335,5,40,2,9,3,3,0,3,0,0,0,0,0,0,0,0,0,0,0,0,0,0,0,337,12,8,1,4,1,0.62,0.03,0.01,0.76,118,75,85,94,56,86
"119",0,56,2.6,0.47,1,56,23,11,9,0,0,100,8,2,5,4,172,1,26.27,3.13,5,9,1.15,288,4,1,5,3.127,9,1.25,6142,4,1,632.471,34,0.97,1,1340,881,1285,868,26.27,3.1274,10.5,2.9455,5,176,4,12,2,0,4,5,0,0,1,0,0,0,0,0,0,0,0,0,0,0,0,288,9,8,1.15,4,1,0.27,0.01,NA,0.27,119,56,85,90,74,91
"120",0,74,2.1,0.58,0.92,71,29,0,0,0,0,100,23,6,6,4,93,1,72.47,3.57,6,1,1.75,375,5,1,6,3.568,1,1.8,8184,5,1,547.156,32,0.97,0.923076923,3696,2265,3572,2223,72.47,3.5678,27,3.3553,6,97,2,16,4,1,4,6,1,0,0,0,0,0,0,0,0,0,0,0,0,0,0,375,1,23,1.75,5,1,0.12,0.12,NA,0.69,120,74,78,89,93,100
"121",0,83,2.2,0.75,0.88,74,26,0,0,0,0,100,4,1,2,0,179,1,1.1,1.76,4,18,1,131,3,1,4,1.756,13,1.3,3029,3,1,696.833,30,0.88,0.875,56,27,31,19,1.1,1.7559,0.32,1.4472,4,183,2,3,1,0,0,2,0,0,0,0,0,0,0,0,0,0,0,0,0,0,0,131,18,4,1,3,1,NA,NA,NA,NA,121,83,97,100,80,100
"122",0,65,1.9,0.4,0.74,49,47,3,0,0,0,97,10,5,7,0,179,1,13.39,2.84,3,23,1,21,3,1,3,2.835,11,1.3,1007,3,1,626.065,31,0.91,0.736842105,683,442,616,416,13.39,2.8351,5.27,2.6464,3,183,2,12,3,2,0,7,0,0,0,0,0,0,0,0,0,0,0,0,0,0,0,21,23,10,1,3,1,NA,NA,NA,NA,122,65,74,73,77,58
"123",0,64,2.1,0.36,0.59,41,59,0,0,0,0,100,7,7,4,0,68,1,12.02,2.79,4,17,1,134,3,1,4,2.788,14,1.15,3496,3,1,652.688,32,0.97,0.588235294,613,334,191,137,12.02,2.7882,3.98,2.525,4,72,2,12,4,3,0,4,0,0,0,0,1,0,0,0,0,0,0,0,0,0,0,134,17,7,1,3,1,0.25,0.1,NA,0.83,123,64,70,70,63,81
"124",0,81,2,0.72,0.93,76,24,0,0,0,0,100,8,4,2,0,32,1,11.27,2.76,4,15,1,152,4,1,4,2.76,9,1.4,4580,4,1,601.594,32,0.94,0.933333333,575,369,207,164,11.27,2.7604,4.4,2.5682,4,35,2,7,1,3,0,2,0,0,0,0,1,0,0,0,0,0,0,0,0,0,0,152,15,8,1,4,1,NA,NA,NA,NA,124,81,94,100,61,96
"125",0,84,2.2,0.76,1,84,16,0,0,0,0,100,5,2,5,0,137,1,11.59,2.77,3,36,1,33,3,1,3,2.772,18,1,2090,3,1,632.424,33,0.97,1,591,335,473,286,11.59,2.7723,3.99,2.5263,3,141,2,7,1,1,0,5,0,0,0,0,0,0,0,0,0,0,0,0,0,0,0,33,36,5,1,3,1,0.11,0.01,NA,0.21,125,84,98,100,56,52
"126",0,73,2,0.57,0.13,27,73,0,0,0,0,100,4,1,1,0,179,1,1.41,1.86,6,6,1.65,1412,6,2,6,1.863,6,1.65,10793,5,2,720.25,32,1,0.133333333,72,60,71,59,1.41,1.8633,0.72,1.7853,6,183,2,2,1,0,0,1,0,0,0,0,0,0,0,0,0,0,0,0,0,0,0,1412,6,4,1.65,6,2,0.56,0.03,NA,0.49,126,73,80,82,75,88
"127",0,69,3.1,0.55,1,69,21,7,2,0,0,98,8,4,5,0,179,1,12.82,2.82,5,10,1.4,309,3,1,5,2.816,8,1.5,7082,3,1,611.719,32,0.97,1,654,258,508,245,12.82,2.8162,3.08,2.4133,5,183,3,9,3,1,0,5,0,0,0,0,0,0,0,0,0,0,0,0,0,0,0,309,10,8,1.4,3,1,0.27,0.15,NA,1,127,69,62,62,43,58
"128",0,75,2.2,0.73,0.88,69,11,21,0,0,0,100,6,6,3,0,153,1,12.75,2.81,4,5,1.45,79,3,1,4,2.814,4,1.7,1384,3,1,577.235,34,0.97,0.882352941,650,249,150,106,12.75,2.8136,2.97,2.3979,4,157,3,9,2,4,0,3,0,0,0,0,0,0,0,0,0,0,0,0,0,0,0,79,5,6,1.45,3,1,NA,NA,NA,NA,128,75,98,100,59,90
"129",0,65,1.9,0.39,0.8,54,46,0,0,0,0,100,4,1,2,0,98,1,1.51,1.89,4,16,1,80,3,1,4,1.892,11,1.35,1753,3,1,569,32,0.97,0.8,77,47,43,37,1.51,1.8921,0.56,1.6812,4,102,2,3,1,0,0,2,0,0,0,0,0,0,0,0,0,0,0,0,0,0,0,80,16,4,1,3,1,NA,NA,NA,NA,129,65,97,100,81,95
"130",0,88,1.9,0.84,0.94,87,11,1,0,0,0,99,11,4,7,0,158,1,7.39,2.58,4,14,1.05,139,3,1,4,2.578,7,1.5,4353,3,1,582.9,30,0.97,0.941176471,377,281,305,242,7.39,2.5775,3.35,2.4502,4,162,2,11,2,2,0,7,0,0,0,0,0,0,0,0,0,0,0,0,0,0,0,139,14,11,1.05,3,1,0.25,0.04,NA,0.35,130,88,98,98,80,97
"131",0,73,1.4,0.6,1,73,27,0,0,0,0,100,6,4,2,0,39,1,69.69,3.55,4,14,1.05,81,3,1,4,3.551,10,1.35,4533,3,1,555.969,32,0.97,1,3554,2348,3208,2224,69.69,3.5508,27.99,3.3709,4,43,2,6,3,1,0,2,0,0,0,0,0,0,0,0,0,0,0,0,0,0,0,81,14,6,1.05,3,1,0.51,0.01,NA,0.39,131,73,85,100,84,72
"132",0,73,2.5,0.66,0.94,71,3,14,12,0,0,88,5,0,4,1,179,1,15.41,2.9,3,27,1,24,3,1,3,2.896,14,1.05,1612,3,1,560.788,33,1,0.941176471,786,505,668,474,15.41,2.896,6.02,2.7042,3,183,3,6,0,0,1,4,0,0,0,0,1,0,0,0,0,0,0,0,0,0,0,24,27,5,1,3,1,NA,NA,NA,NA,132,73,80,98,72,66
"133",0,69,2,0.51,0.71,51,46,3,0,0,0,97,12,6,5,0,179,1,4.08,2.32,5,14,1.25,226,3,1,5,2.32,7,1.6,5019,3,1,684.167,30,0.88,0.705882353,208,170,168,152,4.08,2.3201,2.03,2.233,5,183,2,11,3,3,0,5,0,0,0,0,0,0,0,0,0,0,0,0,0,0,0,226,14,12,1.25,3,1,NA,NA,NA,NA,133,69,63,62,58,74
"134",0,98,0.4,0.98,1,98,2,0,0,0,0,100,3,0,2,0,81,1,6.94,2.55,5,7,1.65,179,4,2,5,2.55,4,1.8,1800,4,2,574.382,34,0.97,1,354,262,325,251,6.94,2.5502,3.12,2.42,5,85,2,2,0,0,0,2,0,0,0,0,0,0,0,0,0,0,0,0,0,0,0,179,7,3,1.65,4,2,NA,NA,NA,NA,134,98,62,100,76,79
"135",0,83,1.8,0.78,1,83,16,1,0,0,0,99,9,6,5,0,123,1,19.16,2.99,3,31,1,28,3,1,3,2.99,12,1.15,1945,3,1,607.606,33,0.97,1,977,652,563,416,19.16,2.9903,7.77,2.8149,3,127,2,11,3,3,0,5,0,0,0,0,0,0,0,0,0,0,0,0,0,0,0,28,31,9,1,3,1,0.26,0.05,0.01,0.5,135,83,78,100,78,99
"136",0,75,2.4,0.7,1,75,12,11,2,0,0,98,11,1,5,0,179,1,15.02,2.88,4,12,1.05,145,4,1,4,2.885,7,1.45,5604,4,1,570.576,33,1,1,766,511,698,481,15.02,2.8848,6.09,2.7093,4,183,3,6,1,0,0,5,0,0,0,0,0,0,0,0,0,0,0,0,0,0,0,145,12,11,1.05,4,1,0.21,0.04,0.02,0.63,136,75,64,100,75,98
"137",0,89,2.1,0.83,1,89,10,1,0,0,0,99,3,0,4,0,23,1,1.39,1.86,3,20,1,17,3,1,3,1.857,11,1.25,693,3,1,740.185,27,0.82,1,71,31,28,25,1.39,1.8573,0.37,1.5051,3,26,2,4,0,0,0,4,0,0,0,0,0,0,0,0,0,0,0,0,0,0,0,17,20,3,1,3,1,NA,NA,NA,NA,137,89,95,100,85,99
"138",0,81,2.1,0.72,0.33,36,53,11,0,0,0,89,7,1,4,0,179,1,4.22,2.33,4,19,1,132,3,1,4,2.335,15,1.25,2942,3,1,708.7,30,0.94,0.333333333,215,114,165,96,4.22,2.3345,1.36,2.0607,4,183,2,5,1,0,0,4,0,0,0,0,0,0,0,0,0,0,0,0,0,0,0,132,19,7,1,3,1,0.22,0.13,0.02,1.27,138,81,82,84,51,88
"139",0,63,2,0.35,0.87,61,39,0,0,0,0,100,3,0,1,3,179,1,1.59,1.91,5,7,1.6,178,5,2,5,1.914,3,1.8,2077,5,2,729.935,31,0.97,0.866666667,81,35,30,27,1.59,1.9138,0.42,1.5563,5,183,2,4,0,0,3,1,0,0,0,0,0,0,0,0,0,0,0,0,0,0,0,178,7,3,1.6,5,2,0.46,0.08,0.07,1.46,139,63,61,55,83,67
"140",0,84,2.2,0.76,0.88,80,20,0,0,0,0,100,4,2,2,0,124,1,1.8,1.97,7,1,2.25,410,6,2,7,1.969,1,2.5,17643,6,2,762.667,30,0.88,0.875,92,70,84,65,1.8,1.9685,0.83,1.8513,7,128,2,4,2,0,0,2,0,0,0,0,0,0,0,0,0,0,0,0,0,0,0,410,1,4,2.25,6,2,0.32,0.02,NA,0.36,140,84,92,92,82,83
"141",0,67,2.5,0.39,0.83,54,46,0,0,0,0,100,3,0,2,3,179,1,5.61,2.46,6,3,1.8,364,6,2,6,2.458,3,1.85,21157,6,2,718.129,31,0.97,0.833333333,286,236,281,232,5.61,2.4579,2.81,2.3747,6,183,2,5,0,0,3,2,0,0,0,0,0,0,0,0,0,0,0,0,0,0,0,364,3,3,1.8,6,2,NA,NA,NA,NA,141,67,68,98,88,99
"142",0,86,2.1,0.78,1,86,14,0,0,0,0,100,9,1,1,6,82,1,6.96,2.55,8,0,1.95,860,7,3,8,2.551,0,2.3,25847,7,3,722.233,30,0.91,1,355,297,343,295,6.96,2.5514,3.54,2.4742,8,86,2,8,1,0,6,1,0,0,0,0,0,0,0,0,0,0,0,0,0,0,0,860,0,9,1.95,7,3,0.21,0.01,NA,0.05,142,86,94,100,77,99
"143",0,77,2.4,0.62,0.12,23,77,0,0,0,0,100,5,1,1,4,179,1,1.73,1.95,7,0,2.65,348,7,3,7,1.949,0,2.75,14266,7,3,686.219,32,0.94,0.125,88,66,87,65,1.73,1.9494,0.79,1.8261,7,183,2,6,1,0,4,1,0,0,0,0,0,0,0,0,0,0,0,0,0,0,0,348,0,5,2.65,7,3,0.1,0.07,NA,0.92,143,77,53,73,55,81
"144",0,60,1.6,0.28,0.6,47,53,0,0,0,0,100,11,9,4,0,136,1,13.53,2.84,3,27,1,28,3,1,3,2.84,14,1.2,1067,3,1,580.788,33,0.94,0.6,690,461,592,413,13.53,2.8395,5.5,2.6646,3,140,2,13,6,3,0,4,0,0,0,0,0,0,0,0,0,0,0,0,0,0,0,28,27,11,1,3,1,0.2,0.01,0.01,0.4,144,60,83,83,77,87
"145",0,80,2.2,0.7,1,80,20,0,0,0,0,100,8,5,5,0,138,1,8.31,2.63,3,28,1,29,3,1,3,2.628,14,1.2,3087,3,1,570.394,33,1,1,424,297,413,289,8.31,2.6284,3.54,2.4742,3,142,2,10,2,3,0,5,0,0,0,0,0,0,0,0,0,0,0,0,0,0,0,29,28,8,1,3,1,0.4,0.01,NA,0.12,145,80,90,100,59,81
"146",0,82,2.2,0.77,0.82,78,9,13,0,0,0,87,11,3,3,0,70,1,33.14,3.23,4,5,1.55,117,3,1,4,3.228,1,1.85,6579,3,1,590,32,0.94,0.823529412,1690,1110,1531,1031,33.14,3.2281,13.23,3.0457,4,74,2,6,2,1,0,3,0,0,0,0,0,0,0,0,0,0,0,0,0,0,0,117,5,11,1.55,3,1,0.09,0.11,NA,0.93,146,82,81,100,74,90
"147",0,88,1.7,0.84,0.92,82,8,10,0,0,0,90,8,3,4,2,149,1,14.14,2.86,3,24,1,23,3,1,3,2.859,13,1.25,1501,3,1,548.97,33,0.97,0.923076923,721,413,565,361,14.14,2.8585,4.92,2.617,3,153,2,9,1,2,2,4,0,0,0,0,0,0,0,0,0,0,0,0,0,0,0,23,24,8,1,3,1,0.45,0.04,NA,0.42,147,88,98,100,92,95
"148",0,93,1.3,0.91,1,93,7,0,0,0,0,100,9,8,4,0,86,1,2.41,2.09,3,21,1,20,3,1,3,2.093,13,1.25,650,3,1,614.471,34,0.97,1,123,99,110,95,2.41,2.0934,1.18,2,3,90,2,12,3,5,0,4,0,0,0,0,0,0,0,0,0,0,0,0,0,0,0,20,21,9,1,3,1,NA,NA,NA,NA,148,93,100,100,93,85
"149",0,97,0.8,0.96,1,97,3,0,0,0,0,100,3,1,5,0,179,1,15.37,2.89,4,11,1.3,114,4,1,4,2.895,9,1.5,2322,4,1,647.469,32,0.97,1,784,570,742,552,15.37,2.8949,6.8,2.7566,4,183,2,6,1,0,0,5,0,0,0,0,0,0,0,0,0,0,0,0,0,0,0,114,11,3,1.3,4,1,0.19,0.01,NA,0.09,149,97,87,98,90,93
"150",0,86,1.4,0.81,1,86,14,0,0,0,0,100,22,2,6,1,171,1,86.86,3.65,3,12,1.15,13,2,1,3,3.647,3,1.8,1134,2,1,543.515,33,0.97,1,4430,2165,4165,2099,86.86,3.6465,25.81,3.3357,3,175,2,9,2,0,1,6,0,0,0,0,0,0,0,0,0,0,0,0,0,0,0,13,12,22,1.15,2,1,0.3,0.01,0.01,0.35,150,86,100,100,84,100
"151",0,98,0.5,0.98,1,98,2,0,0,0,0,100,10,7,8,0,179,1,3.69,2.28,4,6,1.6,43,3,1,4,2.277,4,1.7,1809,3,1,603.813,32,0.94,1,188,151,187,150,3.69,2.2765,1.8,2.1818,4,183,2,15,4,3,0,8,0,0,0,0,0,0,0,0,0,0,0,0,0,0,0,43,6,10,1.6,3,1,NA,NA,NA,NA,151,98,95,100,94,95
"152",0,63,2.2,0.47,0.86,57,26,17,0,0,0,100,11,10,8,0,104,1,13.47,2.84,3,35,1,34,3,1,3,2.838,18,1,2892,3,1,625.824,34,1,0.857142857,687,519,647,496,13.47,2.8376,6.19,2.716,3,108,3,18,6,4,0,8,0,0,0,0,0,0,0,0,0,0,0,0,0,0,0,34,35,11,1,3,1,0.17,0.03,0.03,1.13,152,63,41,91,80,99
"153",0,82,2.7,0.69,0.94,80,20,0,0,0,0,100,7,8,4,0,179,1,1.67,1.93,4,19,1,149,3,1,4,1.935,13,1.1,4766,3,1,702.727,33,0.94,0.944444444,85,73,58,54,1.67,1.9345,0.87,1.8692,4,183,2,12,5,3,0,4,0,0,0,0,0,0,0,0,0,0,0,0,0,0,0,149,19,7,1,3,1,0.21,0.15,0.01,0.87,153,82,87,100,91,97
"154",0,81,2.6,0.68,1,81,19,0,0,0,0,100,8,5,3,0,179,1,19.96,3.01,6,2,1.85,365,4,1,6,3.008,2,1.85,7258,4,1,630.529,34,1,1,1018,395,885,364,19.96,3.0082,4.71,2.5977,6,183,2,8,3,2,0,3,0,0,0,0,0,0,0,0,0,0,0,0,0,0,0,365,2,8,1.85,4,1,NA,NA,NA,NA,154,81,78,97,92,99
"155",0,97,0.9,0.96,1,97,3,0,0,0,0,100,1,0,2,0,165,1,12.35,2.8,4,8,1.4,82,3,1,4,2.8,6,1.6,2410,3,1,612.125,32,0.97,1,630,424,604,411,12.35,2.8,5.05,2.6284,4,169,2,2,0,0,0,2,0,0,0,0,0,0,0,0,0,0,0,0,0,0,0,82,8,1,1.4,3,1,NA,NA,NA,NA,155,97,96,100,91,100
"156",0,67,2.6,0.53,0.41,32,9,59,0,0,0,100,9,13,3,2,37,1,58.24,3.47,3,35,1,35,2,1,3,3.473,17,1,2442,2,1,568.156,32,0.94,0.411764706,2970,1951,2334,1710,58.24,3.4729,23.26,3.2905,3,41,3,18,10,2,2,3,1,0,0,0,0,0,0,0,0,0,0,0,0,0,0,35,35,9,1,2,1,NA,NA,NA,NA,156,67,71,85,89,83
"157",1,65,2,0.41,1,65,34,1,0,0,0,99,32,15,13,2,76,1,83.25,3.63,4,15,1,137,3,1,4,3.628,12,1.2,6282,3,1,585.129,31,0.94,1,4246,2517,4021,2426,83.25,3.6281,30.01,3.4011,4,80,2,30,10,5,2,13,0,0,0,0,0,0,0,0,0,0,0,0,0,0,0,137,15,32,1,3,1,0.36,0.18,NA,0.92,157,65,56,54,79,99
"158",0,84,1.9,0.77,1,84,16,0,0,0,0,100,4,1,5,0,179,1,18.63,2.98,6,1,1.85,334,3,1,6,2.978,0,2.35,6795,3,1,661.485,33,0.97,1,950,607,576,391,18.63,2.9782,7.24,2.7839,6,183,2,6,0,1,0,5,0,0,0,0,0,0,0,0,0,0,0,0,0,0,0,334,1,4,1.85,3,1,NA,NA,NA,NA,158,84,96,100,92,100
"159",0,65,1.6,0.43,0.73,56,44,0,0,0,0,100,10,5,3,3,66,1,10.37,2.72,4,17,1,163,3,1,4,2.724,11,1.25,8714,3,1,556.938,32,0.94,0.733333333,529,427,385,336,10.37,2.7243,5.09,2.6314,4,70,2,11,1,4,3,3,0,0,0,0,0,0,0,0,0,0,0,0,0,0,0,163,17,10,1,3,1,0.14,0.04,NA,0.88,159,65,74,82,61,81
"160",0,91,2.3,0.84,0.87,81,6,13,0,0,0,87,4,1,3,0,57,1,8.96,2.66,7,6,1.55,1553,5,2,7,2.661,4,1.7,14934,4,2,638.303,33,1,0.866666667,457,356,440,345,8.96,2.6609,4.24,2.5527,7,61,2,4,1,0,0,3,0,0,0,0,0,0,0,0,0,0,0,0,0,0,0,1553,6,4,1.55,5,2,NA,NA,NA,NA,160,91,89,91,85,86
"161",0,85,2.1,0.78,0.94,82,18,0,0,0,0,100,6,0,4,0,146,1,4.67,2.38,4,5,1.5,82,3,1,4,2.378,4,1.65,4064,3,1,612.758,33,0.97,0.941176471,238,195,237,194,4.67,2.3784,2.32,2.2923,4,150,2,4,0,0,0,4,0,0,0,0,0,0,0,0,0,0,0,0,0,0,0,82,5,6,1.5,3,1,NA,NA,NA,NA,161,85,92,100,92,89
"162",0,82,2.3,0.77,0.07,20,76,4,0,0,0,100,8,2,5,0,131,1,3.29,2.23,4,18,1,103,3,1,4,2.228,13,1.2,5375,3,1,595.794,34,1,0.071428571,168,123,143,109,3.29,2.2279,1.47,2.0934,4,135,3,7,2,0,0,5,0,0,0,0,0,0,0,0,0,0,0,0,0,0,0,103,18,8,1,3,1,0.41,0.03,NA,0.33,162,82,92,92,57,73
"163",0,62,1.8,0.33,0.86,52,48,0,0,0,0,100,5,2,1,2,92,1,3.67,2.27,4,12,1.1,103,4,1,4,2.274,7,1.45,4512,4,1,613.387,31,0.94,0.857142857,187,152,183,149,3.67,2.2742,1.81,2.1847,4,96,2,5,0,2,2,1,0,0,0,0,0,0,0,0,0,0,0,0,0,0,0,103,12,5,1.1,4,1,0.15,0.04,NA,0.98,163,62,54,51,54,80
"164",0,96,1,0.95,0.94,94,6,0,0,0,0,100,7,3,2,0,179,1,80.59,3.61,4,16,1,139,4,1,4,3.614,12,1.3,9072,4,1,528.758,33,0.97,0.941176471,4110,2176,4045,2151,80.59,3.6139,25.94,3.3379,4,183,2,5,1,2,0,2,0,0,0,0,0,0,0,0,0,0,0,0,0,0,0,139,16,7,1,4,1,NA,NA,NA,NA,164,96,100,100,87,100
"165",0,81,2.4,0.77,1,81,10,9,0,0,0,100,5,0,5,1,138,1,14.29,2.86,5,17,1,491,5,2,5,2.863,10,1.25,11684,4,2,558.091,33,1,1,729,428,676,402,14.29,2.8633,5.1,2.6325,5,142,3,6,0,0,1,5,0,0,0,0,0,0,0,0,0,0,0,0,0,0,0,491,17,5,1,5,2,NA,NA,NA,NA,165,81,88,100,51,91
"166",0,69,2.2,0.47,0.94,68,32,0,0,0,0,100,3,2,2,0,179,1,4.47,2.36,4,5,1.6,91,3,1,4,2.36,4,1.75,2121,3,1,585.552,29,0.91,0.9375,228,162,224,159,4.47,2.3598,1.93,2.2122,4,183,2,4,1,1,0,2,0,0,0,0,0,0,0,0,0,0,0,0,0,0,0,91,5,3,1.6,3,1,0.82,0.03,NA,0.32,166,69,68,68,67,79
"167",0,77,1.7,0.66,1,77,23,0,0,0,0,100,15,6,6,0,105,1,56.57,3.46,4,19,1,143,3,1,4,3.46,15,1.05,3060,3,1,583.419,31,0.91,1,2885,1866,2267,1548,56.57,3.4603,22.25,3.2711,4,109,2,12,3,3,0,6,0,0,0,0,0,0,0,0,0,0,0,0,0,0,0,143,19,15,1,3,1,0.33,0,0,0.13,167,77,98,100,91,100
"168",0,74,2.1,0.59,0.94,73,27,0,0,0,0,100,8,4,4,0,179,1,11.96,2.79,3,27,1,26,3,1,3,2.786,14,1.05,1975,3,1,593.364,33,1,0.941176471,610,397,555,370,11.96,2.786,4.73,2.5999,3,183,2,8,3,1,0,4,0,0,0,0,0,0,0,0,0,0,0,0,0,0,0,26,27,8,1,3,1,0.16,0.04,0.01,0.69,168,74,100,100,87,100
"169",0,95,0.6,0.95,1,95,5,0,0,0,0,100,17,1,3,8,13,1,59.14,3.48,3,29,1,28,2,1,3,3.48,16,1,2155,2,1,560.455,33,1,1,3016,2041,2789,1931,59.14,3.4796,24.33,3.3101,3,16,2,16,0,1,8,3,0,0,4,0,0,0,0,0,0,0,0,0,0,0,0,28,29,17,1,2,1,0.61,NA,NA,0,169,95,93,100,88,100
"170",0,78,1.7,0.69,0.86,75,25,0,0,0,0,100,4,3,1,0,103,1,2.47,2.1,6,5,1.55,1184,6,2,6,2.104,4,1.65,8661,5,2,643.324,34,1,0.857142857,126,83,105,74,2.47,2.1038,0.99,1.9243,6,107,2,4,1,2,0,1,0,0,0,0,0,0,0,0,0,0,0,0,0,0,0,1184,5,4,1.55,6,2,NA,NA,NA,NA,170,78,97,100,95,99
"171",0,83,2.1,0.75,1,83,17,0,0,0,0,100,7,2,4,0,118,1,36.84,3.27,4,19,1,152,3,1,4,3.274,16,1.1,4031,3,1,615.824,34,1,1,1879,1110,1718,1061,36.84,3.2742,13.23,3.0457,4,122,2,6,2,0,0,4,0,0,0,0,0,0,0,0,0,0,0,0,0,0,0,152,19,7,1,3,1,NA,NA,NA,NA,171,83,98,100,95,99
"172",1,98,0.7,0.98,1,98,2,0,0,0,0,100,2,0,2,0,102,1,2.9,2.17,4,38,1,248,4,2,4,2.173,24,1,9187,3,1,662.185,27,0.79,1,148,85,113,65,2.9,2.1732,1.01,1.9345,4,106,2,2,0,0,0,2,0,0,0,0,0,0,0,0,0,0,0,0,0,0,0,248,38,2,1,4,2,NA,NA,NA,NA,172,98,95,100,88,62
"173",0,93,1,0.92,1,93,7,0,0,0,0,100,30,9,8,0,42,1,82.02,3.62,4,25,1,216,3,1,4,3.622,13,1.2,4915,4,1,672.303,33,0.97,1,4183,1587,1393,983,82.02,3.6216,18.92,3.2009,4,46,2,17,6,3,0,8,0,0,0,0,0,0,0,0,0,0,0,0,0,0,0,216,25,30,1,3,1,0.07,0.03,0.02,1.58,173,93,98,90,87,100
"174",0,79,2.2,0.67,0.93,75,25,0,0,0,0,100,6,2,1,1,85,1,1.2,1.79,6,1,1.85,760,5,2,6,1.792,0,2,12320,5,2,863.25,28,0.88,0.928571429,61,25,35,20,1.2,1.7924,0.3,1.415,6,89,2,4,2,0,1,1,0,0,0,0,0,0,0,0,0,0,0,0,0,0,0,760,1,6,1.85,5,2,0.17,0.12,0.01,1,174,79,78,80,71,62
"175",0,70,3.1,0.54,0.81,68,23,6,2,0,0,98,10,5,6,1,109,1,3.49,2.25,3,39,1,38,3,1,3,2.253,18,1,5861,3,1,620.133,30,0.91,0.8125,178,139,166,135,3.49,2.2529,1.66,2.1461,3,113,3,12,3,1,1,6,1,0,0,0,0,0,0,0,0,0,0,0,0,0,0,38,39,10,1,3,1,NA,NA,NA,NA,175,70,54,100,88,99
"176",0,64,1.9,0.36,0.31,36,64,0,0,0,0,100,19,4,5,0,78,1,49.43,3.4,5,9,1.4,340,3,1,5,3.402,8,1.55,7617,3,1,561.156,32,1,0.3125,2521,1557,2416,1521,49.43,3.4017,18.56,3.1926,5,82,2,9,3,1,0,5,0,0,0,0,0,0,0,0,0,0,0,0,0,0,0,340,9,19,1.4,3,1,0.22,0.03,0.06,1.29,176,64,55,59,95,100
"177",0,76,2.2,0.61,1,76,24,1,0,0,0,99,12,5,6,0,88,1,29.24,3.17,4,28,1,173,4,2,4,3.174,22,1,10256,3,1,628.219,32,0.97,1,1491,650,1386,628,29.24,3.1738,7.75,2.8136,4,92,2,12,3,2,0,6,0,0,0,0,1,0,0,0,0,0,0,0,0,0,0,173,28,12,1,4,2,NA,NA,NA,NA,177,76,100,100,88,100
"178",0,83,2.1,0.74,1,83,17,0,0,0,0,100,3,0,3,0,140,1,28.86,3.17,4,18,1,155,3,1,4,3.168,12,1.15,6620,3,1,562.886,35,1,1,1472,1048,1441,1030,28.86,3.1682,12.49,3.0208,4,144,2,3,0,0,0,3,0,0,0,0,0,0,0,0,0,0,0,0,0,0,0,155,18,3,1,3,1,0.26,0.01,NA,0.09,178,83,100,100,92,98
"179",0,52,1.8,0.36,0.93,49,20,31,0,0,0,100,6,1,5,0,179,1,6.22,2.5,5,5,1.55,481,5,2,5,2.502,3,1.75,13652,4,2,571.353,34,1,0.933333333,317,230,278,224,6.22,2.5024,2.74,2.3636,5,183,3,6,1,0,0,5,0,0,0,0,0,0,0,0,0,0,0,0,0,0,0,481,5,6,1.55,5,2,NA,NA,NA,NA,179,52,56,70,52,40
"180",0,94,1.3,0.93,0.93,88,12,0,0,0,0,100,9,5,5,0,179,1,9.53,2.69,4,25,1,172,3,1,4,2.688,17,1.05,4421,3,1,646.121,33,0.97,0.928571429,486,191,350,154,9.53,2.6875,2.28,2.2833,4,183,2,10,4,1,0,5,0,0,0,0,0,0,0,0,0,0,0,0,0,0,0,172,25,9,1,3,1,NA,NA,NA,NA,180,94,96,96,82,95
"181",0,70,2.2,0.52,0.76,60,38,2,0,0,0,98,7,2,4,1,179,1,5.43,2.44,4,25,1,191,4,1,4,2.444,12,1.4,11285,4,1,607.667,33,1,0.764705882,277,204,201,159,5.43,2.444,2.43,2.3118,4,183,2,7,2,0,1,4,0,0,0,0,0,0,0,0,0,0,0,0,0,0,0,191,25,7,1,4,1,0.25,0.05,NA,0.54,181,70,66,76,73,87
"182",0,79,1.5,0.71,1,79,21,0,0,0,0,100,3,0,4,0,22,1,34.04,3.24,4,11,1.2,162,3,1,4,3.24,9,1.35,2425,3,1,605.967,30,0.88,1,1736,1288,1718,1281,34.04,3.2398,15.36,3.1103,4,25,2,4,0,0,0,4,0,0,0,0,0,0,0,0,0,0,0,0,0,0,0,162,11,3,1.2,3,1,NA,NA,NA,NA,182,79,92,100,54,57
"183",0,95,0.8,0.94,1,95,5,0,0,0,0,100,3,4,2,0,179,1,2.29,2.07,3,32,1,32,2,1,3,2.072,15,1.15,1650,2,1,736.333,27,0.77,1,117,83,104,75,2.29,2.0719,0.99,1.9243,3,183,2,6,3,1,0,2,0,0,0,0,0,0,0,0,0,0,0,0,0,0,0,32,32,3,1,2,1,NA,NA,NA,NA,183,95,91,100,89,97
"184",0,97,0.7,0.97,1,97,3,0,0,0,0,100,2,0,4,0,165,1,7.02,2.56,4,11,1.35,121,4,1,4,2.555,7,1.6,4807,4,1,575.765,34,1,1,358,213,323,202,7.02,2.5551,2.54,2.3304,4,169,2,4,0,0,0,4,0,0,0,0,0,0,0,0,0,0,0,0,0,0,0,121,11,2,1.35,4,1,NA,NA,NA,NA,184,97,90,100,81,68
"185",0,82,2.2,0.73,1,82,18,0,0,0,0,100,5,5,0,0,179,1,1.94,2,8,1,3.15,567,8,3,8,2,1,3.4,9386,8,3,677.941,34,1,1,99,80,78,66,1.94,2,0.95,1.9085,8,183,2,6,2,3,0,0,0,0,1,0,0,0,0,0,0,0,0,0,0,0,0,567,1,5,3.15,8,3,NA,NA,NA,NA,185,82,90,100,95,99
"186",0,92,1.6,0.88,1,92,8,0,0,0,0,100,5,4,3,0,89,1,2.18,2.05,3,33,1,32,3,1,3,2.049,14,1.25,2211,3,1,708.147,34,1,1,111,63,97,61,2.18,2.0492,0.75,1.8062,3,93,2,7,2,2,0,3,0,0,0,0,0,0,0,0,0,0,0,0,0,0,0,32,33,5,1,3,1,0.16,0.04,NA,0.26,186,92,72,94,56,66
"187",0,95,1.1,0.93,1,95,5,0,0,0,0,100,6,3,2,0,179,1,12.65,2.81,3,31,1,32,3,1,3,2.81,15,1.1,2300,3,1,604.118,34,1,1,645,487,626,481,12.65,2.8102,5.81,2.6884,3,183,2,5,1,2,0,2,0,0,0,0,0,0,0,0,0,0,0,0,0,0,0,32,31,6,1,3,1,0.67,0.01,NA,0.05,187,95,94,98,92,89
"188",0,73,2.2,0.57,0.81,66,34,0,0,0,0,100,12,3,5,3,112,1,15.55,2.9,3,25,1,23,3,1,3,2.9,14,1.05,3629,3,1,596.355,31,0.97,0.8125,793,541,699,479,15.55,2.8998,6.45,2.734,3,116,2,11,3,0,3,5,0,0,0,0,0,0,0,0,0,0,0,0,0,0,0,23,25,12,1,3,1,0.33,0.04,NA,0.6,188,73,76,75,83,58
"189",0,76,2.3,0.61,1,76,24,0,0,0,0,100,4,0,1,1,117,1,10.06,2.71,5,3,1.7,231,4,2,5,2.711,2,1.8,4975,4,2,657.088,34,1,1,513,297,504,293,10.06,2.711,3.54,2.4742,5,121,2,2,0,0,1,1,0,0,0,0,0,0,0,0,0,0,0,0,0,0,0,231,3,4,1.7,4,2,0.66,0.06,NA,0.45,189,76,100,93,81,99
"190",0,95,0.9,0.94,1,95,5,0,0,0,0,100,3,0,2,0,170,1,6.96,2.55,3,18,1,18,3,1,3,2.551,10,1.4,2127,3,1,604.344,32,0.97,1,355,175,331,163,6.96,2.5514,2.09,2.2455,3,174,2,2,0,0,0,2,0,0,0,0,0,0,0,0,0,0,0,0,0,0,0,18,18,3,1,3,1,NA,NA,NA,NA,190,95,98,100,89,98
"191",0,99,0.4,0.99,1,99,1,0,0,0,0,100,3,0,4,0,179,1,17.12,2.94,5,0,1.95,91,5,3,5,2.942,0,2,11686,4,2,617.364,33,0.97,1,873,376,740,338,17.12,2.9415,4.48,2.5763,5,183,2,4,0,0,0,4,0,0,0,0,0,0,0,0,0,0,0,0,0,0,0,91,0,3,1.95,5,3,NA,NA,NA,NA,191,99,100,100,90,100
"192",0,98,0.4,0.98,1,98,2,0,0,0,0,100,3,0,4,0,56,1,4.04,2.32,5,2,1.7,176,3,1,5,2.316,1,1.75,6561,3,1,616.903,31,1,1,206,145,162,142,4.04,2.316,1.73,2.1644,5,60,2,4,0,0,0,4,0,0,0,0,0,0,0,0,0,0,0,0,0,0,0,176,2,3,1.7,3,1,NA,NA,NA,NA,192,98,98,100,95,100
"193",0,79,2.1,0.7,1,79,19,2,0,0,0,98,11,4,10,0,179,1,8.14,2.62,3,35,1,33,3,1,3,2.619,18,1,2149,3,1,609.563,32,0.94,1,415,327,390,312,8.14,2.6191,3.9,2.5159,3,183,2,14,3,1,0,10,0,0,0,0,0,0,0,0,0,0,0,0,0,0,0,33,35,11,1,3,1,0.34,0.04,0.04,1.33,193,79,87,100,68,80
"194",0,86,2,0.79,0.94,80,20,0,0,0,0,100,9,3,5,0,124,1,37.49,3.28,4,15,1,102,3,1,4,3.282,11,1.35,3093,3,1,627.719,32,0.97,0.9375,1912,1146,1512,1024,37.49,3.2817,13.66,3.0596,4,128,2,8,2,1,0,5,0,0,0,0,0,0,0,0,0,0,0,0,0,0,0,102,15,9,1,3,1,0.17,0.03,NA,0.6,194,86,80,95,68,51
"195",0,96,1.1,0.95,1,96,4,0,0,0,0,100,4,0,3,0,132,1,6.75,2.54,7,4,1.75,1773,6,2,7,2.538,3,1.8,22487,5,2,656.765,34,1,1,344,192,311,187,6.75,2.5378,2.29,2.2856,7,136,2,3,0,0,0,3,0,0,0,0,0,0,0,0,0,0,0,0,0,0,0,1773,4,4,1.75,6,2,NA,NA,NA,NA,195,96,87,100,65,98
"196",0,69,2.1,0.47,1,69,31,0,0,0,0,100,5,2,5,0,124,1,13.24,2.83,4,9,1.25,129,3,1,4,2.83,5,1.55,4267,4,1,617.903,31,0.94,1,675,435,344,274,13.24,2.8299,5.19,2.6395,4,128,2,7,2,0,0,5,0,0,0,0,0,0,0,0,0,0,0,0,0,0,0,129,9,5,1.25,3,1,0.42,0.16,NA,0.89,196,69,64,62,79,76
"197",0,94,1.3,0.92,1,94,6,0,0,0,0,100,6,3,5,0,102,1,1.71,1.94,5,12,1.1,320,4,1,5,1.945,8,1.35,10510,4,1,597.242,33,1,1,87,71,81,65,1.71,1.9445,0.85,1.8573,5,106,2,8,3,0,0,5,0,0,0,0,0,0,0,0,0,0,0,0,0,0,0,320,12,6,1.1,4,1,NA,NA,NA,NA,197,94,100,100,57,76
"198",0,90,2.1,0.84,1,90,10,0,0,0,0,100,7,3,2,3,16,1,18.29,2.97,3,42,1,36,3,1,3,2.97,22,1,5279,3,1,634.781,32,0.97,1,933,357,178,156,18.29,2.9703,4.26,2.5539,3,19,2,9,2,1,3,2,0,0,1,0,0,0,0,0,0,0,0,0,0,0,0,36,42,7,1,3,1,0.09,0.02,0.01,0.86,198,90,93,93,70,57
"199",0,60,1.7,0.27,0.77,53,47,0,0,0,0,100,5,2,6,0,70,1,4.33,2.35,4,7,1.35,94,3,1,4,2.346,6,1.5,1489,3,1,657.212,33,0.97,0.769230769,221,136,201,129,4.33,2.3464,1.62,2.1367,4,74,2,8,2,0,0,6,0,0,0,0,0,0,0,0,0,0,0,0,0,0,0,94,7,5,1.35,3,1,0.15,0.29,NA,0.98,199,60,91,98,96,98
"200",0,91,1.5,0.88,1,91,9,0,0,0,0,100,6,5,2,0,44,1,5.35,2.44,4,15,1.05,142,3,1,4,2.438,9,1.4,4267,3,1,626.273,33,1,1,273,189,231,164,5.35,2.4378,2.25,2.2788,4,48,2,7,2,3,0,2,0,0,0,0,0,0,0,0,0,0,0,0,0,0,0,142,15,6,1.05,3,1,NA,NA,NA,NA,200,91,88,100,58,62
"201",0,69,2.3,0.47,0.92,65,35,0,0,0,0,100,3,2,2,0,12,1,1.53,1.9,4,18,1,157,3,1,4,1.898,12,1.2,8695,3,1,638.438,32,0.94,0.923076923,78,63,70,56,1.53,1.8976,0.75,1.8062,4,15,2,4,0,2,0,2,0,0,0,0,0,0,0,0,0,0,0,0,0,0,0,157,18,3,1,3,1,0.31,0.12,NA,0.78,201,69,63,79,68,97
"202",0,78,2.3,0.65,1,78,22,0,0,0,0,100,6,2,5,0,142,1,24.73,3.1,3,29,1,26,3,1,3,3.101,19,1,5479,3,1,610.882,34,1,1,1261,816,1164,774,24.73,3.1011,9.73,2.9122,3,146,2,7,2,0,0,5,0,0,0,0,0,0,0,0,0,0,0,0,0,0,0,26,29,6,1,3,1,0.43,0.02,NA,0.24,202,78,100,100,51,79
"203",0,93,1.5,0.9,1,93,7,0,0,0,0,100,7,3,3,2,152,1,20.18,3.01,3,31,1,25,3,1,3,3.013,21,1,3017,3,1,616.529,34,1,1,1029,623,910,574,20.18,3.0128,7.43,2.7952,3,156,2,8,2,1,2,3,0,0,0,0,0,0,0,0,0,0,0,0,0,0,0,25,31,7,1,3,1,0.53,0.01,NA,0.12,203,93,96,96,93,100
"204",0,91,1.9,0.87,1,91,9,0,0,0,0,100,4,0,2,1,176,1,24.86,3.1,5,0,1.85,183,5,2,5,3.104,0,1.95,6223,5,3,560.844,32,0.97,1,1268,597,1152,559,24.86,3.1035,7.12,2.7767,5,180,2,4,0,0,1,2,0,0,1,0,0,0,0,0,0,0,0,0,0,0,0,183,0,4,1.85,5,2,NA,NA,NA,NA,204,91,62,100,88,96
"205",0,99,0.4,0.99,1,99,1,0,0,0,0,100,2,0,2,0,163,1,28.75,3.17,3,24,1,22,2,1,3,3.166,10,1.1,2074,2,1,582.094,32,0.97,1,1466,790,1273,751,28.75,3.1664,9.42,2.8982,3,167,2,2,0,0,0,2,0,0,0,0,0,0,0,0,0,0,0,0,0,0,0,22,24,2,1,2,1,NA,NA,NA,NA,205,99,100,100,94,100
"206",0,58,2.5,0.51,0.36,21,25,45,10,0,0,100,5,0,5,0,179,1,4.59,2.37,4,17,1,103,3,1,4,2.371,10,1.35,1809,3,1,651.516,31,0.91,0.357142857,234,79,41,37,4.59,2.3711,0.94,1.9031,4,183,4,5,0,0,0,5,0,0,0,0,0,0,0,0,0,0,0,0,0,0,0,103,17,5,1,3,1,NA,NA,NA,NA,206,58,48,31,78,53
"207",0,79,2.7,0.76,0.94,77,12,11,0,0,0,100,11,8,7,0,93,1,13.18,2.83,4,19,1,157,3,1,4,2.828,14,1.15,5669,3,1,576.839,31,0.94,0.941176471,672,529,642,508,13.18,2.828,6.31,2.7243,4,97,3,15,5,3,0,7,0,0,0,0,0,0,0,0,0,0,0,0,0,0,0,157,19,11,1,3,1,0.13,0.02,0.01,0.34,207,79,52,96,79,79
"208",0,77,2.1,0.66,0.93,76,23,1,0,0,0,99,3,2,2,0,170,1,6.2,2.5,4,26,1,195,3,1,4,2.501,16,1,9991,3,1,686.706,34,1,0.933333333,316,211,210,160,6.2,2.5011,2.52,2.3263,4,174,2,4,0,2,0,2,0,0,0,0,0,0,0,0,0,0,0,0,0,0,0,195,26,3,1,3,1,NA,NA,NA,NA,208,77,98,100,61,86
"209",0,98,0.5,0.97,1,98,2,0,0,0,0,100,7,3,3,2,179,1,28.47,3.16,4,24,1,182,4,1,4,3.162,14,1.15,8002,4,1,568.824,34,1,1,1452,812,1139,711,28.47,3.1623,9.68,2.9101,4,183,2,8,3,0,2,3,0,0,0,0,0,0,0,0,0,0,0,0,0,0,0,182,24,7,1,4,1,NA,NA,NA,NA,209,98,86,92,89,100
"210",0,88,2.5,0.79,1,88,9,3,0,0,0,97,10,6,9,0,159,1,19.39,3,4,12,1.15,85,3,1,4,2.996,6,1.45,3010,3,1,671.485,33,0.97,1,989,643,853,558,19.39,2.9956,7.67,2.8089,4,163,2,15,4,2,0,9,0,0,0,0,0,0,0,0,0,0,0,0,0,0,0,85,12,10,1.15,3,1,0.32,0.06,0.03,1.31,210,88,87,100,78,92
"211",0,75,2,0.61,0.73,59,41,0,0,0,0,100,11,5,11,0,152,1,13.22,2.83,3,36,1,30,3,1,3,2.829,16,1,2998,3,1,606.909,33,1,0.733333333,674,450,602,419,13.22,2.8293,5.36,2.6542,3,156,2,16,4,1,0,11,0,0,0,0,0,0,0,0,0,0,0,0,0,0,0,30,36,11,1,3,1,0.15,0.06,NA,0.73,211,75,73,83,89,100
"212",0,88,1.8,0.85,1,88,9,3,0,0,0,97,22,14,9,0,179,1,15.53,2.9,5,14,1.15,255,3,1,5,2.899,7,1.55,4754,3,1,614.176,34,1,1,792,474,744,454,15.53,2.8993,5.65,2.6767,5,183,2,23,7,7,0,9,0,0,0,0,0,0,0,0,0,0,0,0,0,0,0,255,14,22,1.15,3,1,0.23,0.02,0.02,0.92,212,88,100,100,85,90
"213",0,63,2,0.32,0.65,43,57,0,0,0,0,100,4,0,4,0,179,1,3.24,2.22,7,7,1.6,1622,5,2,7,2.22,2,1.85,12665,4,2,597.941,34,1,0.647058824,165,107,154,100,3.24,2.2201,1.28,2.0334,7,183,2,4,0,0,0,4,0,0,0,0,0,0,0,0,0,0,0,0,0,0,0,1622,7,4,1.6,5,2,0.16,0.24,NA,1,213,63,54,54,65,93
"214",0,83,2.1,0.77,0.88,78,14,8,0,0,0,92,9,3,5,2,125,1,95.53,3.69,5,6,1.35,299,4,1,5,3.688,5,1.4,8554,4,1,643.939,33,0.97,0.882352941,4872,1691,4782,1671,95.53,3.6878,20.16,3.2284,5,129,2,10,1,2,2,5,0,0,0,0,0,0,0,0,0,0,0,0,0,0,0,299,6,9,1.35,4,1,0.27,0.02,NA,0.39,214,83,100,100,86,99
"215",0,68,2,0.52,0.8,60,35,5,0,0,0,95,7,5,3,0,34,1,11.59,2.77,4,9,1.3,74,4,1,4,2.772,7,1.45,3151,4,1,623.206,34,1,0.8,591,410,557,393,11.59,2.7723,4.89,2.6138,4,37,2,8,4,1,0,3,0,0,0,0,0,0,0,0,0,0,0,0,0,0,0,74,9,7,1.3,4,1,0.21,0.06,0.1,1.78,215,68,91,95,81,96
"216",0,74,2.4,0.55,0.29,26,74,0,0,0,0,100,2,0,2,0,179,1,16.06,2.91,5,10,1.35,474,5,2,5,2.914,5,1.65,8364,4,2,636.563,32,0.94,0.294117647,819,435,751,418,16.06,2.9138,5.19,2.6395,5,183,2,2,0,0,0,2,0,0,0,0,0,0,0,0,0,0,0,0,0,0,0,474,10,2,1.35,5,2,0.23,0.04,NA,0.44,216,74,91,98,68,94
"217",0,60,1.8,0.25,0.88,54,46,0,0,0,0,100,3,0,3,0,179,1,27.02,3.14,6,1,2.1,400,6,3,6,3.14,1,2.45,7589,6,3,700.903,31,0.97,0.882352941,1378,847,1351,836,27.02,3.1396,10.1,2.9284,6,183,2,3,0,0,0,3,0,0,0,0,0,0,0,0,0,0,0,0,0,0,0,400,1,3,2.1,6,3,NA,NA,NA,NA,217,60,90,87,88,100
"218",0,64,1.6,0.4,0.83,58,42,0,0,0,0,100,11,3,8,0,143,1,46.98,3.38,4,15,1.05,151,3,1,4,3.38,9,1.45,3299,3,1,581.061,33,1,0.833333333,2396,1200,2311,1180,46.98,3.3797,14.31,3.0795,4,147,2,11,1,2,0,8,0,0,0,0,0,0,0,0,0,0,0,0,0,0,0,151,15,11,1.05,3,1,0.32,0.08,0.01,0.89,218,64,83,90,89,94
"219",0,51,2,0.32,0.58,39,36,16,8,0,0,92,19,12,5,2,179,1,67.47,3.54,3,29,1,26,9,4,3,3.537,15,1,1826,3,1,562.424,33,1,0.578947368,3441,1548,1595,1163,67.47,3.5368,18.45,3.1901,3,183,3,20,6,6,2,5,0,0,1,0,0,0,0,0,0,0,0,0,0,0,0,26,29,19,1,9,4,NA,NA,NA,NA,219,51,73,74,88,56
"220",0,48,2.5,0.36,0.81,44,19,14,15,6,2,98,14,3,11,2,116,1,14.53,2.87,4,20,1,170,3,1,4,2.87,12,1.25,4832,4,1,647.182,33,0.97,0.8125,741,382,544,312,14.53,2.8704,4.55,2.5832,4,120,5,16,2,1,2,11,0,0,0,0,0,0,0,0,0,0,0,0,0,0,0,170,20,14,1,3,1,0.15,0.04,0.02,1.03,220,48,70,82,38,87
"221",0,43,1.1,0.18,0.56,36,32,32,0,0,0,100,23,7,6,0,96,1,32.43,3.22,4,18,1,147,4,1,4,3.219,12,1.25,5485,4,1,612.273,33,0.97,0.5625,1654,1005,1205,835,32.43,3.2188,11.98,3.0026,4,100,3,15,5,2,0,6,0,0,2,0,0,0,0,0,0,0,0,0,0,0,0,147,18,23,1,4,1,0.34,0.04,0.01,1.17,221,43,61,78,66,57
"222",0,62,1.7,0.33,0.71,48,52,0,0,0,0,100,10,3,5,0,159,1,22.53,3.06,3,36,1,30,3,1,3,3.061,17,1,1980,3,1,535.794,34,1,0.714285714,1149,763,1084,736,22.53,3.0607,9.1,2.8831,3,163,2,8,3,0,0,5,0,0,0,0,0,0,0,0,0,0,0,0,0,0,0,30,36,10,1,3,1,0.17,0.06,NA,0.76,222,62,89,80,93,100
"223",0,51,2.1,0.33,0.24,35,45,21,0,0,0,100,20,7,8,0,122,1,13.88,2.85,5,7,1.55,236,4,1,5,2.851,7,1.55,6368,4,1,591.03,33,0.97,0.235294118,708,493,671,475,13.88,2.8506,5.88,2.6937,5,126,3,15,4,3,0,8,0,0,0,0,0,0,0,0,0,0,0,0,0,0,0,236,7,20,1.55,4,1,0.11,0.06,0.13,1.7,223,51,45,45,59,76
"224",0,83,2.5,0.72,1,83,17,0,0,0,0,100,5,0,5,0,79,1,15.78,2.91,6,4,1.65,1238,4,1,6,2.906,3,1.75,11221,4,1,593.939,33,1,1,805,564,752,537,15.78,2.9063,6.72,2.752,6,83,2,5,0,0,0,5,0,0,0,0,0,0,0,0,0,0,0,0,0,0,0,1238,4,5,1.65,4,1,NA,NA,NA,NA,224,83,98,98,84,100
"225",1,53,1.1,0.08,0.86,47,53,0,0,0,0,100,18,6,2,5,72,1,89.45,3.66,7,1,1.8,746,6,2,7,3.659,1,1.8,19240,6,2,654.125,32,0.97,0.857142857,4562,2622,4340,2544,89.45,3.6593,31.26,3.4188,7,76,2,13,6,0,5,2,0,0,0,0,0,0,0,0,0,0,0,0,0,0,0,746,1,18,1.8,6,2,0.3,0.1,0.04,1.54,225,53,53,53,67,100
"226",0,91,1.1,0.9,1,91,9,0,0,0,0,100,24,11,6,0,179,1,60.2,3.49,5,7,1.55,203,4,1,5,3.487,2,1.9,11946,4,1,570.059,34,1,1,3070,1683,2707,1520,60.2,3.4873,20.06,3.2263,5,183,2,17,8,3,0,6,0,0,0,0,0,0,0,0,0,0,0,0,0,0,0,203,7,24,1.55,4,1,0.1,0.06,0.12,1.48,226,91,95,100,86,99
"227",0,72,2.4,0.51,0.31,29,71,0,0,0,0,100,4,0,4,1,179,1,14.16,2.86,3,13,1,13,5,3,3,2.859,1,1.65,3487,3,1,693,33,0.97,0.3125,722,490,664,462,14.16,2.8591,5.84,2.6911,3,183,2,6,0,0,1,4,0,0,1,0,0,0,0,0,0,0,0,0,0,0,0,13,13,4,1,5,3,NA,NA,NA,NA,227,72,59,61,81,92
"228",0,68,2.4,0.44,0.93,66,34,0,0,0,0,100,3,4,2,0,144,1,1.47,1.88,5,2,1.7,211,4,1,5,1.881,2,1.75,6139,4,1,709.333,33,0.97,0.933333333,75,62,62,52,1.47,1.8808,0.74,1.7993,5,148,2,6,4,0,0,2,0,0,0,0,0,0,0,0,0,0,0,0,0,0,0,211,2,3,1.7,4,1,0.2,0.02,NA,0.21,228,68,83,97,59,65
"229",0,82,2.4,0.71,1,82,18,0,0,0,0,100,11,11,2,0,125,1,12.65,2.81,4,14,1.1,93,4,1,4,2.81,10,1.35,1904,4,1,610.364,33,0.97,1,645,458,550,412,12.65,2.8102,5.46,2.6618,4,129,2,13,7,4,0,2,0,0,0,0,0,0,0,0,0,0,0,0,0,0,0,93,14,11,1.1,4,1,0.25,NA,NA,0,229,82,76,88,53,97
"230",0,70,1.9,0.51,0.27,31,69,0,0,0,0,100,3,0,2,0,139,1,3.14,2.21,5,1,1.9,110,5,2,5,2.207,1,2.1,3054,5,2,626.97,33,0.97,0.266666667,160,116,153,114,3.14,2.2068,1.38,2.0682,5,143,2,2,0,0,0,2,0,0,0,0,0,0,0,0,0,0,0,0,0,0,0,110,1,3,1.9,5,2,0.49,0.29,NA,0.91,230,70,82,82,57,81
"231",0,75,2.7,0.57,0.69,58,42,0,0,0,0,100,5,2,3,1,50,1,4.63,2.37,5,2,1.8,173,4,1,5,2.375,2,1.85,3385,4,1,692.323,31,0.91,0.6875,236,86,155,74,4.63,2.3747,1.03,1.9395,5,54,2,6,0,2,1,3,0,0,0,0,0,0,0,0,0,0,0,0,0,0,0,173,2,5,1.8,4,1,0.69,0.14,NA,0.8,231,75,92,91,79,89
"232",0,83,2,0.76,0.93,80,20,0,0,0,0,100,3,1,1,0,87,1,1.33,1.84,5,0,1.85,123,4,1,5,1.839,0,2,3330,4,1,706.839,31,0.94,0.933333333,68,40,54,31,1.33,1.8388,0.48,1.6128,5,91,2,2,0,1,0,1,0,0,0,0,0,0,0,0,0,0,0,0,0,0,0,123,0,3,1.85,4,1,NA,NA,NA,NA,232,83,96,100,53,93
"233",0,54,1.1,0.12,0.88,52,48,0,0,0,0,100,10,4,9,0,56,1,61.9,3.5,4,20,1,113,3,1,4,3.499,14,1,6206,3,1,564.182,33,1,0.882352941,3157,1154,3014,1121,61.9,3.4994,13.76,3.0626,4,60,2,13,2,2,0,9,0,0,0,0,0,0,0,0,0,0,0,0,0,0,0,113,20,10,1,3,1,0.24,0.02,NA,0.26,233,54,59,57,73,80
"234",0,97,0.8,0.96,1,97,3,0,0,0,0,100,5,3,4,0,179,1,4.71,2.38,4,10,1.1,85,4,1,4,2.382,6,1.4,3502,4,1,660.677,31,0.91,1,240,131,224,122,4.71,2.382,1.56,2.1206,4,183,2,7,2,1,0,4,0,0,0,0,0,0,0,0,0,0,0,0,0,0,0,85,10,5,1.1,4,1,NA,NA,NA,NA,234,97,98,100,90,99
"235",0,64,2.8,0.52,1,64,19,18,0,0,0,100,11,1,6,0,179,1,4.78,2.39,3,30,1,28,3,1,3,2.389,19,1,3894,3,1,669.516,31,0.97,1,244,184,236,178,4.78,2.3892,2.19,2.2672,3,183,3,7,1,0,0,6,0,0,0,0,0,0,0,0,0,0,0,0,0,0,0,28,30,11,1,3,1,NA,NA,NA,NA,235,64,93,95,91,94
"236",0,82,2.3,0.74,1,82,14,4,0,0,0,100,15,2,4,0,125,1,4.57,2.37,4,17,1,133,3,1,4,2.369,13,1.1,5461,3,1,619.606,33,0.97,1,233,176,215,162,4.57,2.3692,2.1,2.248,4,129,3,6,1,1,0,4,0,0,0,0,0,0,0,0,0,0,0,0,0,0,0,133,17,15,1,3,1,NA,NA,NA,NA,236,82,93,100,45,96
"237",0,84,2.4,0.77,1,84,4,12,0,0,0,100,9,12,5,0,120,1,2.98,2.18,4,23,1,122,3,1,4,2.185,16,1.05,4339,3,1,612.862,29,0.91,1,152,87,97,80,2.98,2.1847,1.04,1.9445,4,124,3,17,8,4,0,5,0,0,0,0,0,0,0,0,0,0,0,0,0,0,0,122,23,9,1,3,1,0.5,NA,NA,0,237,84,90,100,93,96
"238",0,75,2.2,0.6,1,75,25,0,0,0,0,100,13,5,5,4,179,1,8.49,2.64,4,17,1,176,4,1,4,2.638,12,1.1,6879,4,1,623.242,33,1,1,433,325,416,314,8.49,2.6375,3.87,2.5132,4,183,2,14,2,3,4,5,0,0,0,0,0,0,0,0,0,0,0,0,0,0,0,176,17,13,1,4,1,0.13,0.05,NA,0.57,238,75,86,86,93,100
"239",0,80,2,0.75,0.06,16,4,80,0,0,0,100,10,6,6,0,18,1,13.04,2.82,3,28,1,28,3,1,3,2.824,19,1,3983,3,1,705.424,33,1,0.0625,665,429,609,408,13.04,2.8235,5.11,2.6335,3,21,3,12,4,2,0,6,0,0,0,0,0,0,0,0,0,0,0,0,0,0,0,28,28,10,1,3,1,0.49,0.03,NA,0.47,239,80,77,94,83,73
"240",0,94,1.3,0.93,1,94,4,3,0,0,0,97,5,3,3,0,132,1,16,2.91,4,20,1,109,3,1,4,2.912,14,1,5646,3,1,619.6,35,1,1,816,387,739,371,16,2.9122,4.61,2.5888,4,136,2,6,2,1,0,3,0,0,0,0,0,0,0,0,0,0,0,0,0,0,0,109,20,5,1,3,1,NA,NA,NA,NA,240,94,96,100,87,99
"241",0,67,1.9,0.45,1,67,33,0,0,0,0,100,6,0,0,5,46,1,21.31,3.04,4,26,1,229,3,1,4,3.037,16,1.1,10617,3,1,566.97,33,0.97,1,1087,864,1035,838,21.31,3.0366,10.3,2.937,4,50,2,5,0,0,5,0,0,0,0,0,0,0,0,0,0,0,0,0,0,0,0,229,26,6,1,3,1,0.04,0.16,NA,0.99,241,67,66,76,73,98
"242",0,62,1.3,0.36,0.56,45,55,0,0,0,0,100,4,0,2,2,97,1,8.04,2.61,4,18,1,155,3,1,4,2.614,11,1.25,5857,3,1,662.091,33,0.97,0.555555556,410,291,401,289,8.04,2.6138,3.47,2.4654,4,101,2,4,0,0,2,2,0,0,0,0,0,0,0,0,0,0,0,0,0,0,0,155,18,4,1,3,1,0.26,0.02,NA,0.35,242,62,89,95,95,99
"243",0,84,2,0.76,0.94,81,19,0,0,0,0,100,7,8,6,0,4,1,24.92,3.1,4,28,1,154,3,1,4,3.105,20,1,11686,3,1,579.345,29,0.91,0.944444444,1271,943,1250,934,24.92,3.1045,11.24,2.975,4,4,2,14,5,3,0,6,0,0,0,0,0,0,0,0,0,0,0,0,0,0,0,154,28,7,1,3,1,NA,NA,NA,NA,243,84,100,100,91,100
"244",0,79,2.5,0.66,1,79,21,1,0,0,0,99,10,0,4,0,125,1,97.37,3.7,3,28,1,29,2,1,3,3.696,19,1,3533,2,1,599,31,0.94,1,4966,748,240,170,97.37,3.6961,8.92,2.8745,3,129,2,4,0,0,0,4,0,0,0,0,0,0,0,0,0,0,0,0,0,0,0,29,28,10,1,2,1,NA,NA,NA,NA,244,79,80,81,94,98
"245",0,70,2.2,0.51,1,70,29,1,0,0,0,99,11,4,4,1,55,1,12.43,2.8,4,18,1,149,3,1,4,2.803,16,1.1,9322,3,1,647.853,34,1,1,634,458,590,437,12.43,2.8028,5.46,2.6618,4,59,2,9,3,1,1,4,0,0,0,0,0,0,0,0,0,0,0,0,0,0,0,149,18,11,1,3,1,0.32,0.02,0.01,0.26,245,70,96,100,96,100
"246",0,87,2.5,0.78,1,87,9,4,0,0,0,96,5,1,3,0,179,1,4,2.31,4,7,1.5,126,3,1,4,2.312,4,1.7,5859,3,1,668.677,31,0.91,1,204,79,151,62,4,2.3118,0.94,1.9031,4,183,2,4,1,0,0,3,0,0,0,0,0,0,0,0,0,0,0,0,0,0,0,126,7,5,1.5,3,1,NA,NA,NA,NA,246,87,100,100,89,76
"247",0,82,1.7,0.78,0.88,76,21,3,0,0,0,100,9,7,4,0,75,1,3.25,2.22,4,13,1,136,3,1,4,2.223,8,1.35,7146,3,1,627.063,32,0.91,0.882352941,166,110,137,100,3.25,2.2227,1.31,2.0453,4,79,3,11,3,4,0,4,0,0,0,0,0,0,0,0,0,0,0,0,0,0,0,136,13,9,1,3,1,0.3,0.05,0.01,0.82,247,82,95,100,53,94
"248",0,67,2.3,0.41,1,67,33,0,0,0,0,100,3,1,2,0,11,1,2.04,2.02,7,1,2.25,671,6,2,7,2.021,0,2.6,16291,6,2,640.6,35,1,1,104,97,99,93,2.04,2.0212,1.16,1.9912,7,14,2,3,0,1,0,2,0,0,0,0,0,0,0,0,0,0,0,0,0,0,0,671,1,3,2.25,6,2,0.37,0.07,NA,0.75,248,67,90,95,88,77
"249",0,79,2.3,0.66,1,79,21,0,0,0,0,100,7,3,1,1,33,1,20.98,3.03,6,4,1.6,399,6,2,6,3.03,3,1.7,8897,6,2,627.515,33,0.97,1,1070,849,1051,834,20.98,3.0298,10.12,2.9294,6,36,2,5,2,1,1,1,0,0,0,0,0,0,0,0,0,0,0,0,0,0,0,399,4,7,1.6,6,2,0.24,0.14,NA,0.75,249,79,48,93,92,92
"250",0,89,1.8,0.84,1,89,11,0,0,0,0,100,11,0,7,0,41,1,14.59,2.87,6,3,1.8,578,5,2,6,2.872,3,2.05,10724,5,2,600.656,32,0.97,1,744,607,709,588,14.59,2.8722,7.24,2.7839,6,45,2,7,0,0,0,7,0,0,0,0,0,0,0,0,0,0,0,0,0,0,0,578,3,11,1.8,5,2,NA,NA,NA,NA,250,89,80,87,78,91
"251",0,90,1.7,0.89,1,90,7,3,0,0,0,97,8,5,3,0,63,1,34.55,3.25,4,21,1,142,4,1,4,3.246,15,1.2,11376,4,1,607.906,32,0.97,1,1762,1062,1690,1029,34.55,3.2463,12.66,3.0265,4,67,2,8,2,2,0,3,1,0,0,0,0,0,0,0,0,0,0,0,0,0,0,142,21,8,1,4,1,0.15,NA,NA,0,251,90,83,100,60,93
"252",0,96,0.8,0.96,1,96,4,0,0,0,0,100,8,4,4,0,47,1,8.82,2.65,6,1,1.9,382,5,2,6,2.654,1,2.15,8042,5,2,699.125,32,0.94,1,450,350,417,329,8.82,2.6542,4.17,2.5453,6,51,2,8,3,1,0,4,0,0,0,0,0,0,0,0,0,0,0,0,0,0,0,382,1,8,1.9,5,2,NA,NA,NA,NA,252,96,89,100,59,81
"253",0,92,1.2,0.91,1,92,8,0,0,0,0,100,8,3,5,0,150,1,5.9,2.48,3,25,1,22,3,1,3,2.48,11,1.35,3268,3,1,621.912,34,1,1,301,214,264,198,5.9,2.48,2.55,2.3324,3,154,2,8,3,0,0,5,0,0,0,0,0,0,0,0,0,0,0,0,0,0,0,22,25,8,1,3,1,0.13,0.01,0.01,0.23,253,92,74,100,58,98
"254",0,88,2.1,0.81,1,88,12,0,0,0,0,100,8,4,3,0,55,1,4.53,2.37,6,7,1.45,578,4,2,6,2.366,3,1.7,7654,4,2,663.633,30,0.94,1,231,113,187,104,4.53,2.3655,1.35,2.0569,6,59,2,7,2,2,0,3,0,0,0,0,0,0,0,0,0,0,0,0,0,0,0,578,7,8,1.45,4,2,NA,NA,NA,NA,254,88,98,100,84,92
"255",0,85,1.5,0.8,1,85,15,0,0,0,0,100,3,2,3,0,147,1,14.57,2.87,5,1,1.65,147,4,2,5,2.872,0,1.7,7266,4,2,661.294,34,1,1,743,385,712,371,14.57,2.8716,4.59,2.5866,5,151,2,5,2,0,0,3,0,0,0,0,0,0,0,0,0,0,0,0,0,0,0,147,1,3,1.65,4,2,NA,NA,NA,NA,255,85,93,100,70,97
"256",0,54,0.9,0.14,0.93,52,48,0,0,0,0,100,15,13,15,0,161,1,92.75,3.67,4,17,1,191,3,1,4,3.675,10,1.3,13688,3,1,545.333,33,1,0.933333333,4730,2075,4299,1973,92.75,3.675,24.74,3.3172,4,165,2,28,5,8,0,15,0,0,0,0,0,0,0,0,0,0,0,0,0,0,0,191,17,15,1,3,1,0.14,0.11,NA,0.91,256,54,80,80,56,98
"257",0,75,2.5,0.61,1,75,22,2,1,0,0,99,8,3,4,0,179,1,20.16,3.01,3,26,1,26,5,3,3,3.012,16,1,3400,3,1,619.182,33,0.97,1,1028,765,855,686,20.16,3.0124,9.12,2.8842,3,183,3,7,2,1,0,4,0,0,0,0,0,0,0,0,0,0,0,0,0,0,0,26,26,8,1,5,3,NA,NA,NA,NA,257,75,95,94,83,86
"258",0,90,1.7,0.86,1,90,9,1,0,0,0,99,7,0,3,0,179,1,2.65,2.13,5,5,1.65,259,3,1,5,2.134,3,1.8,5544,3,1,648.533,30,0.91,1,135,73,89,59,2.65,2.1335,0.87,1.8692,5,183,2,3,0,0,0,3,0,0,0,0,0,0,0,0,0,0,0,0,0,0,0,259,5,7,1.65,3,1,NA,NA,NA,NA,258,90,77,100,94,99
"259",0,54,0.9,0.14,0.84,51,49,0,0,0,0,100,9,6,6,1,166,1,86.16,3.64,4,15,1,130,3,1,4,3.643,12,1.2,3734,3,1,543.879,33,1,0.842105263,4394,1905,3219,1631,86.16,3.643,22.71,3.2801,4,170,2,13,3,3,1,6,0,0,0,0,0,0,0,0,0,0,0,0,0,0,0,130,15,9,1,3,1,0.28,0.08,0.01,1.1,259,54,58,56,60,72
"260",0,99,0.4,0.99,1,99,1,0,0,0,0,100,7,3,5,0,166,1,11.84,2.78,6,9,1.45,708,5,2,6,2.782,7,1.6,5986,5,2,627.125,32,0.94,1,604,288,470,245,11.84,2.7818,3.43,2.4609,6,170,2,8,0,3,0,5,0,0,0,0,0,0,0,0,0,0,0,0,0,0,0,708,9,7,1.45,5,2,NA,NA,NA,NA,260,99,100,100,90,99
"261",0,57,2.4,0.39,0.53,40,21,37,2,0,0,98,15,10,6,0,132,1,10.47,2.73,4,17,1,153,3,1,4,2.728,12,1.2,3974,3,1,634.371,35,1,0.526315789,534,382,473,357,10.47,2.7284,4.55,2.5832,4,136,3,16,4,6,0,6,0,0,0,0,0,0,0,0,0,0,0,0,0,0,0,153,17,15,1,3,1,0.31,0.02,0.02,0.65,261,57,89,100,51,98
"262",0,62,2.1,0.31,0.94,61,39,0,0,0,0,100,4,1,4,3,174,1,53.02,3.43,4,22,1,118,4,2,4,3.432,18,1,5019,3,1,594.152,33,1,0.944444444,2704,831,689,462,53.02,3.4322,9.91,2.9201,4,178,2,8,0,0,3,4,1,0,0,0,0,0,0,0,0,0,0,0,0,0,0,118,22,4,1,4,2,0.3,0.01,0.01,0.31,262,62,88,100,69,70
"263",0,56,1.6,0.29,0.82,53,38,9,0,0,0,100,8,6,5,0,179,1,26.33,3.13,3,27,1,27,2,1,3,3.128,17,1,2829,2,1,641.667,33,1,0.823529412,1343,882,1176,827,26.33,3.1284,10.52,2.946,3,183,3,11,4,2,0,5,0,0,0,0,0,0,0,0,0,0,0,0,0,0,0,27,27,8,1,2,1,0.55,0.09,0.02,0.98,263,56,81,84,85,100
"264",0,96,1.1,0.96,1,96,3,1,0,0,0,99,7,0,9,1,160,1,14,2.85,6,5,1.6,1194,5,2,6,2.854,3,1.8,8236,4,2,662.588,34,1,1,714,468,648,449,14,2.8543,5.58,2.6712,6,164,2,10,0,0,1,9,0,0,0,0,0,0,0,0,0,0,0,0,0,0,0,1194,5,7,1.6,5,2,0.24,0.15,NA,0.61,264,96,63,98,55,78
"265",0,91,1.2,0.9,1,91,7,2,0,0,0,98,16,7,6,0,26,1,31.41,3.2,4,16,1,111,3,1,4,3.205,13,1.25,3427,3,1,628.167,30,0.97,1,1602,1231,1503,1177,31.41,3.2049,14.68,3.0906,4,29,2,13,3,4,0,6,0,0,0,0,0,0,0,0,0,0,0,0,0,0,0,111,16,16,1,3,1,NA,NA,NA,NA,265,91,100,100,83,99
"266",0,99,0.4,0.98,1,99,1,0,0,0,0,100,3,0,5,0,58,1,4.16,2.33,3,16,1,13,2,1,3,2.328,7,1.6,816,2,1,672.939,33,1,1,212,140,154,106,4.16,2.3284,1.67,2.1492,3,62,2,5,0,0,0,5,0,0,0,0,0,0,0,0,0,0,0,0,0,0,0,13,16,3,1,2,1,NA,NA,NA,NA,266,99,100,100,57,92
"267",0,72,2,0.6,1,72,24,2,2,0,0,98,13,3,8,0,118,1,12.92,2.82,4,19,1,145,3,1,4,2.82,13,1,3142,3,1,677.469,32,0.97,1,659,504,586,488,12.92,2.8195,6.01,2.7033,4,122,3,11,3,0,0,8,0,0,0,0,0,0,0,0,0,0,0,0,0,0,0,145,19,13,1,3,1,0.26,0.05,0.02,0.8,267,72,95,98,89,92
"268",0,71,2.4,0.5,0.53,42,58,0,0,0,0,100,5,0,4,1,42,1,1.75,1.95,4,18,1,91,3,1,4,1.954,14,1.05,2731,3,1,659.03,33,1,0.533333333,89,63,57,49,1.75,1.9542,0.75,1.8062,4,46,2,5,0,0,1,4,0,0,0,0,0,0,0,0,0,0,0,0,0,0,0,91,18,5,1,3,1,0.3,0.04,NA,0.58,268,71,62,75,57,80
"269",0,79,2.3,0.68,1,79,14,7,0,0,0,93,5,4,4,0,54,1,3.49,2.25,3,39,1,36,3,1,3,2.253,21,1,1609,3,1,756.308,26,0.81,1,178,132,171,128,3.49,2.2529,1.57,2.1239,3,58,2,8,3,1,0,4,0,0,0,0,0,0,0,0,0,0,0,0,0,0,0,36,39,5,1,3,1,0.68,0.02,0.01,0.46,269,79,100,100,50,83
"270",0,84,1.9,0.78,0.93,80,20,0,0,0,0,100,2,1,2,0,76,1,1.14,1.77,4,15,1,150,3,1,4,1.771,10,1.25,3483,3,1,731.182,22,0.67,0.928571429,58,38,50,34,1.14,1.7709,0.45,1.5911,4,80,2,3,1,0,0,2,0,0,0,0,0,0,0,0,0,0,0,0,0,0,0,150,15,2,1,3,1,0.18,0.03,NA,0.27,270,84,97,100,52,69
"271",0,63,2.5,0.52,0,17,58,25,0,0,0,100,18,6,11,0,60,1,9.51,2.69,5,8,1.4,200,4,1,5,2.687,6,1.55,9160,4,1,576.879,33,0.97,0,485,391,469,383,9.51,2.6866,4.66,2.5933,5,64,3,17,4,2,0,11,0,0,0,0,0,0,0,0,0,0,0,0,0,0,0,200,8,18,1.4,4,1,0.45,0.03,0.01,1.02,271,63,68,85,92,99
"272",0,70,2.7,0.55,0.93,68,5,27,0,0,0,100,5,5,3,0,179,1,4.69,2.38,5,5,1.55,161,4,1,5,2.38,3,1.8,5779,5,1,696.242,33,1,0.928571429,239,165,235,163,4.69,2.3802,1.97,2.2201,5,183,3,8,4,1,0,3,0,0,0,0,0,0,0,0,0,0,0,0,0,0,0,161,5,5,1.55,4,1,NA,NA,NA,NA,272,70,81,100,45,61
"273",0,65,2.5,0.37,0.94,64,36,0,0,0,0,100,7,2,4,2,179,1,4.37,2.35,5,4,1.6,120,5,1,5,2.35,3,1.7,5656,5,1,624.515,33,0.97,0.9375,223,170,196,160,4.37,2.3502,2.03,2.233,5,183,2,8,1,1,2,4,0,0,0,0,0,0,0,0,0,0,0,0,0,0,0,120,4,7,1.6,5,1,0.22,0.13,NA,0.61,273,65,86,91,79,76
"274",0,69,2.3,0.47,0.88,67,26,6,1,0,0,94,6,5,5,2,179,1,6.24,2.5,5,3,1.8,91,5,1,5,2.504,1,1.95,2714,5,1,614.647,34,1,0.882352941,318,216,234,191,6.24,2.5038,2.58,2.3365,5,183,2,12,4,1,2,5,0,0,0,0,0,0,0,0,0,0,0,0,0,0,0,91,3,6,1.8,5,1,0.21,0.02,0.01,0.19,274,69,95,100,66,95
"275",0,64,2.1,0.39,0.79,56,41,3,0,0,0,97,15,5,9,0,131,1,14.75,2.88,4,18,1,147,3,1,4,2.877,15,1.1,6910,3,1,599.727,33,0.97,0.789473684,752,472,565,382,14.75,2.8768,5.63,2.6749,4,135,2,14,4,1,0,9,0,0,0,0,0,0,0,0,0,0,0,0,0,0,0,147,18,15,1,3,1,0.08,0.08,NA,0.99,275,64,56,64,84,90
"276",0,77,2.8,0.62,0.79,62,23,14,0,0,0,86,6,2,2,1,179,1,1.9,1.99,4,16,1,87,3,1,4,1.991,7,1.55,3224,3,1,707.833,30,0.86,0.785714286,97,66,85,57,1.9,1.9912,0.79,1.8261,4,183,2,5,2,0,1,2,0,0,0,0,0,0,0,0,0,0,0,0,0,0,0,87,16,6,1,3,1,NA,NA,NA,NA,276,77,89,87,88,87
"277",0,82,1.8,0.74,1,82,18,0,0,0,0,100,5,1,3,0,162,1,14.98,2.88,5,8,1.4,254,3,1,5,2.884,8,1.5,5675,4,1,614.719,32,0.97,1,764,258,595,232,14.98,2.8837,3.08,2.4133,5,166,2,4,0,1,0,3,0,0,0,0,0,0,0,0,0,0,0,0,0,0,0,254,8,5,1.4,3,1,NA,NA,NA,NA,277,82,80,100,71,68
"278",0,62,1.9,0.32,0.9,60,40,0,0,0,0,100,6,7,1,0,162,1,10.98,2.75,4,14,1,111,3,1,4,2.749,6,1.5,7529,3,1,628.813,32,0.97,0.9,560,412,514,398,10.98,2.749,4.91,2.616,4,166,2,8,5,2,0,1,0,0,0,0,0,0,0,0,0,0,0,0,0,0,0,111,14,6,1,3,1,0.08,0.1,NA,0.99,278,62,50,58,75,73
"279",0,89,2.3,0.82,1,89,11,0,0,0,0,100,10,2,6,0,156,1,11.61,2.77,5,7,1.55,268,3,1,5,2.773,6,1.65,5268,3,1,617.063,32,1,1,592,464,579,459,11.61,2.7731,5.53,2.6675,5,160,2,8,2,0,0,6,0,0,0,0,0,0,0,0,0,0,0,0,0,0,0,268,7,10,1.55,3,1,NA,NA,NA,NA,279,89,100,100,50,79
"280",0,90,1.3,0.88,1,90,10,0,0,0,0,100,4,5,2,0,144,1,1.53,1.9,6,3,1.55,1321,5,2,6,1.898,2,1.85,11317,4,2,732.226,31,0.94,1,78,50,67,47,1.53,1.8976,0.6,1.7076,6,148,2,7,2,3,0,2,0,0,0,0,0,0,0,0,0,0,0,0,0,0,0,1321,3,4,1.55,5,2,NA,NA,NA,NA,280,90,96,100,83,89
"281",0,84,2.4,0.8,1,84,7,7,3,0,0,97,16,5,6,0,65,1,28.78,3.17,5,7,1.5,249,3,1,5,3.167,6,1.55,4080,3,1,578.114,35,1,1,1468,1085,1402,1053,28.78,3.167,12.94,3.0358,5,69,3,11,4,1,0,6,0,0,0,0,0,0,0,0,0,0,0,0,0,0,0,249,7,16,1.5,3,1,NA,NA,NA,NA,281,84,74,100,80,97
"282",0,89,1.5,0.86,1,89,11,0,0,0,0,100,5,1,3,0,175,1,19.86,3.01,5,16,1,273,3,1,5,3.006,13,1.15,9785,3,1,613.235,34,1,1,1013,455,503,344,19.86,3.006,5.42,2.659,5,179,2,4,1,0,0,3,0,0,0,0,0,0,0,0,0,0,0,0,0,0,0,273,16,5,1,3,1,NA,NA,NA,NA,282,89,95,100,65,56
"283",0,94,1.8,0.9,1,94,6,0,0,0,0,100,7,4,2,4,179,1,18.37,2.97,3,14,1.1,9,2,1,3,2.972,9,1.5,1544,2,1,628.697,33,1,1,937,694,882,679,18.37,2.9722,8.27,2.842,3,183,2,10,1,3,4,2,0,0,0,0,0,0,0,0,0,0,0,0,0,0,0,9,14,7,1.1,2,1,NA,NA,NA,NA,283,94,92,100,84,100
"284",0,91,1.9,0.88,1,91,7,1,0,0,0,99,8,1,4,0,48,1,15.94,2.91,3,31,1,28,3,1,3,2.911,18,1,8593,3,1,585.5,34,1,1,813,494,739,465,15.94,2.9106,5.89,2.6946,3,52,2,5,0,1,0,4,0,0,0,0,0,0,0,0,0,0,0,0,0,0,0,28,31,8,1,3,1,NA,NA,NA,NA,284,91,86,100,75,81
"285",0,96,0.7,0.96,1,96,4,0,0,0,0,100,9,3,4,0,31,1,46.14,3.37,4,5,1.5,51,3,1,4,3.372,4,1.65,2798,3,1,534.212,33,1,1,2353,1695,2267,1652,46.14,3.3718,20.21,3.2294,4,34,2,7,3,0,0,4,0,0,0,0,0,0,0,0,0,0,0,0,0,0,0,51,5,9,1.5,3,1,NA,NA,NA,NA,285,96,96,100,76,100
"286",0,89,2.1,0.83,1,89,11,0,0,0,0,100,3,1,2,0,131,1,5.9,2.48,5,4,1.6,161,4,1,5,2.48,2,1.7,8916,4,1,581.03,33,0.97,1,301,123,277,122,5.9,2.48,1.47,2.0934,5,135,2,3,0,1,0,2,0,0,0,0,0,0,0,0,0,0,0,0,0,0,0,161,4,3,1.6,4,1,NA,NA,NA,NA,286,89,64,96,64,79
"287",0,70,2.8,0.47,0.94,69,30,1,0,0,0,99,10,2,2,3,179,1,6.86,2.55,5,10,1.35,234,4,1,5,2.545,7,1.55,6412,4,1,604.242,33,0.97,0.9375,350,263,240,218,6.86,2.5453,3.14,2.4216,5,183,2,7,2,0,3,2,0,0,0,0,0,0,0,0,0,0,0,0,0,0,0,234,10,10,1.35,4,1,NA,NA,NA,NA,287,70,80,97,51,78
"288",0,94,1.1,0.93,1,94,6,0,0,0,0,100,6,2,4,0,179,1,2.29,2.07,5,10,1.35,303,4,1,5,2.072,8,1.5,13992,4,1,744.069,29,0.88,1,117,103,104,92,2.29,2.0719,1.23,2.017,5,183,2,6,2,0,0,4,0,0,0,0,0,0,0,0,0,0,0,0,0,0,0,303,10,6,1.35,4,1,0.38,0.19,0.01,1.11,288,94,98,100,93,99
"289",0,83,1.7,0.76,1,83,17,0,0,0,0,100,24,12,9,0,83,1,25.88,3.12,4,11,1.3,59,4,1,4,3.121,11,1.3,3704,4,1,542.758,33,1,1,1320,1043,1237,998,25.88,3.1209,12.43,3.0187,4,87,2,21,6,6,0,9,0,0,0,0,0,0,0,0,0,0,0,0,0,0,0,59,11,24,1.3,4,1,0.32,0.07,0.03,1.09,289,83,98,100,78,75
"290",0,72,2.3,0.52,0.81,62,38,0,0,0,0,100,5,2,5,0,179,1,4.96,2.4,4,11,1.3,60,4,1,4,2.405,7,1.5,1328,4,1,633.469,32,0.97,0.8125,253,189,228,177,4.96,2.4048,2.25,2.2788,4,183,2,7,2,0,0,5,0,0,0,0,0,0,0,0,0,0,0,0,0,0,0,60,11,5,1.3,4,1,0.08,0.08,0.05,1.22,290,72,68,88,73,97
"291",0,74,2.6,0.62,0.21,25,17,59,0,0,0,100,3,3,1,0,67,1,1.02,1.72,5,2,1.8,86,5,1,5,1.724,1,1.85,4372,5,1,724.586,29,0.88,0.214285714,52,44,50,43,1.02,1.7243,0.52,1.6532,5,71,3,4,2,0,0,1,1,0,0,0,0,0,0,0,0,0,0,0,0,0,0,86,2,3,1.8,5,1,0.08,0.04,0.14,1.56,291,74,34,32,85,65
"292",0,72,2.1,0.56,0.93,71,29,0,0,0,0,100,3,1,3,0,122,1,8.98,2.66,4,18,1,133,3,1,4,2.662,13,1.15,2373,3,1,564.441,34,1,0.928571429,458,302,383,276,8.98,2.6618,3.6,2.4814,4,126,2,4,1,0,0,3,0,0,0,0,0,0,0,0,0,0,0,0,0,0,0,133,18,3,1,3,1,0.34,0.01,NA,0.22,292,72,88,92,74,100
"293",0,63,1.6,0.37,0.88,61,39,0,0,0,0,100,5,3,7,0,133,1,7.78,2.6,4,10,1.25,97,3,1,4,2.6,6,1.55,2564,3,1,586.656,32,1,0.875,397,291,383,282,7.78,2.5999,3.47,2.4654,4,137,2,10,2,1,0,7,0,0,0,0,0,0,0,0,0,0,0,0,0,0,0,97,10,5,1.25,3,1,NA,NA,NA,NA,293,63,77,100,83,100
"294",0,67,2.2,0.47,0.44,41,56,2,0,0,0,100,7,1,2,2,59,1,5.25,2.43,4,17,1,167,3,1,4,2.43,11,1.3,5496,3,1,616.788,33,0.94,0.444444444,268,236,250,224,5.25,2.4298,2.81,2.3747,4,63,3,5,1,0,2,2,0,0,0,0,0,0,0,0,0,0,0,0,0,0,0,167,17,7,1,3,1,0.41,0.17,0.03,1.22,294,67,70,70,61,93
"295",0,80,2.1,0.7,0.69,63,37,0,0,0,0,100,4,4,1,0,70,1,1.92,2,3,32,1,32,2,1,3,1.996,17,1,1468,2,1,734.1,30,0.94,0.692307692,98,80,84,75,1.92,1.9956,0.95,1.9085,3,74,2,5,3,1,0,1,0,0,0,0,0,0,0,0,0,0,0,0,0,0,0,32,32,4,1,2,1,0.35,0.09,NA,0.97,295,80,65,44,70,93
"296",0,74,2.1,0.59,0.44,38,62,0,0,0,0,100,4,1,6,0,144,1,2.31,2.08,5,8,1.45,174,4,1,5,2.076,4,1.75,5579,4,1,657.594,32,0.97,0.4375,118,57,55,38,2.31,2.0755,0.68,1.7634,5,148,2,7,1,0,0,6,0,0,0,0,0,0,0,0,0,0,0,0,0,0,0,174,8,4,1.45,4,1,0.34,0.09,NA,0.87,296,74,64,64,83,73
"297",0,93,1.8,0.9,1,93,7,0,0,0,0,100,7,4,6,0,14,1,1.98,2.01,4,10,1.1,77,4,1,4,2.009,10,1.2,5410,4,1,648.4,35,0.97,1,101,86,95,81,1.98,2.0086,1.03,1.9395,4,17,2,10,4,0,0,6,0,0,0,0,0,0,0,0,0,0,0,0,0,0,0,77,10,7,1.1,4,1,NA,NA,NA,NA,297,93,95,100,98,100
"298",0,93,1.5,0.91,1,93,7,0,0,0,0,100,2,2,1,0,99,1,3.39,2.24,5,7,1.4,235,5,1,5,2.241,6,1.6,5696,5,1,565.121,33,0.97,1,173,135,142,111,3.39,2.2405,1.61,2.1335,5,103,2,3,1,1,0,1,0,0,0,0,0,0,0,0,0,0,0,0,0,0,0,235,7,2,1.4,5,1,NA,NA,NA,NA,298,93,98,100,55,63
"299",0,53,1.8,0.34,0.89,51,28,21,0,0,0,100,10,5,6,0,38,1,36.65,3.27,5,9,1.4,178,4,1,5,3.272,4,1.7,5843,4,1,564.606,33,1,0.888888889,1869,884,1798,855,36.65,3.2718,10.54,2.9469,5,42,3,11,4,1,0,6,0,0,0,0,0,0,0,0,0,0,0,0,0,0,0,178,9,10,1.4,4,1,0.11,0.08,NA,0.65,299,53,78,82,49,85
"300",0,92,2.1,0.87,1,92,7,2,0,0,0,98,15,5,6,0,140,1,12.25,2.8,5,7,1.4,144,4,1,5,2.797,7,1.5,2638,4,1,674.971,34,1,1,625,185,123,92,12.25,2.7966,2.21,2.2695,5,144,2,11,5,0,0,6,0,0,0,0,0,0,0,0,0,0,0,0,0,0,0,144,7,15,1.4,4,1,NA,NA,NA,NA,300,92,89,80,90,83
"301",0,97,0.6,0.97,1,97,3,0,0,0,0,100,9,6,5,0,179,1,8.47,2.64,5,8,1.45,214,4,1,5,2.637,6,1.55,4699,4,1,575.939,33,0.97,1,432,356,353,302,8.47,2.6365,4.24,2.5527,5,183,2,11,4,2,0,5,0,0,0,0,0,0,0,0,0,0,0,0,0,0,0,214,8,9,1.45,4,1,NA,NA,NA,NA,301,97,93,100,74,97
"302",0,85,1.8,0.8,1,85,15,0,0,0,0,100,8,6,4,0,179,1,19.35,2.99,4,12,1,64,4,1,4,2.995,6,1.5,3827,4,1,590.688,32,0.97,1,987,742,803,627,19.35,2.9948,8.85,2.871,4,183,2,10,4,2,0,4,0,0,0,0,0,0,0,0,0,0,0,0,0,0,0,64,12,8,1,4,1,NA,NA,NA,NA,302,85,65,100,80,92
"303",0,96,1.1,0.95,1,96,4,0,0,0,0,100,9,4,6,0,128,1,9.65,2.69,5,3,1.65,162,4,1,5,2.693,2,1.7,5706,4,1,679.412,34,1,1,492,342,459,320,9.65,2.6928,4.08,2.5353,5,132,2,10,2,2,0,6,0,0,0,0,0,0,0,0,0,0,0,0,0,0,0,162,3,9,1.65,4,1,0.17,NA,NA,0,303,96,81,100,64,90
"304",0,68,2.7,0.46,0.93,66,32,2,0,0,0,98,4,5,5,0,179,1,4.37,2.35,6,1,1.85,150,5,1,6,2.35,0,1.9,3821,5,1,600.515,33,0.97,0.933333333,223,162,201,150,4.37,2.3502,1.93,2.2122,6,183,2,10,2,3,0,5,0,0,0,0,0,0,0,0,0,0,0,0,0,0,0,150,1,4,1.85,5,1,0.13,0.06,0.06,1.36,304,68,70,67,78,88
"305",0,67,2.1,0.42,0.93,60,40,0,0,0,0,100,7,2,2,4,109,1,13.2,2.83,6,2,1.55,621,5,2,6,2.829,2,1.65,11044,5,2,608.424,33,0.97,0.933333333,673,488,648,472,13.2,2.8287,5.82,2.6893,6,113,2,8,1,1,4,2,0,0,0,0,0,0,0,0,0,0,0,0,0,0,0,621,2,7,1.55,5,2,0.41,0.05,NA,0.87,305,67,71,65,70,58
"306",0,89,1.4,0.86,1,89,11,0,0,0,0,100,8,1,7,2,69,1,32,3.21,5,3,1.8,188,4,1,5,3.213,2,1.85,6077,4,1,518.212,33,0.97,1,1632,987,1457,923,32,3.213,11.77,2.9948,5,73,2,10,1,0,2,7,0,0,0,0,0,0,0,0,0,0,0,0,0,0,0,188,3,8,1.8,4,1,0.1,0.03,NA,0.52,306,89,96,98,96,100
"307",0,66,2,0.41,0.72,53,47,0,0,0,0,100,9,5,7,0,88,1,16.61,2.93,5,11,1.25,202,4,1,5,2.928,10,1.3,6671,4,1,650.219,32,1,0.722222222,847,666,819,652,16.61,2.9284,7.94,2.8241,5,92,2,12,5,0,0,7,0,0,0,0,0,0,0,0,0,0,0,0,0,0,0,202,11,9,1.25,4,1,0.08,0.05,0.08,1.04,307,66,56,87,79,68
"308",0,69,1.7,0.51,0.33,39,58,4,0,0,0,96,8,4,5,0,47,1,1.69,1.94,5,5,1.65,195,4,1,5,1.94,5,1.7,8612,4,1,645.667,33,1,0.333333333,86,79,81,75,1.69,1.9395,0.94,1.9031,5,51,2,9,2,2,0,5,0,0,0,0,0,0,0,0,0,0,0,0,0,0,0,195,5,8,1.65,4,1,0.09,0.1,NA,0.88,308,69,58,57,69,72
"309",0,60,1.7,0.28,0.63,45,50,5,0,0,0,95,14,9,9,0,179,1,8.96,2.66,5,8,1.45,231,4,1,5,2.661,5,1.65,10123,4,1,643.813,32,0.94,0.631578947,457,335,372,300,8.96,2.6609,3.99,2.5263,5,183,2,18,4,5,0,9,0,0,0,0,0,0,0,0,0,0,0,0,0,0,0,231,8,14,1.45,4,1,0.26,0.16,0.07,1.32,309,60,71,54,81,98
"310",0,75,2.3,0.59,0.94,71,29,0,0,0,0,100,7,2,6,2,179,1,1.12,1.76,6,1,1.75,585,5,2,6,1.763,1,1.8,10508,5,2,573.941,34,0.97,0.9375,57,51,50,46,1.12,1.7634,0.61,1.716,6,183,2,10,2,0,2,6,0,0,0,0,0,0,0,0,0,0,0,0,0,0,0,585,1,7,1.75,5,2,0.25,0.07,NA,0.53,310,75,80,94,88,63
"311",0,88,1.8,0.84,1,88,12,0,0,0,0,100,6,3,3,2,179,1,2.45,2.1,5,8,1.45,214,4,1,5,2.1,6,1.6,9504,4,1,669.633,30,0.94,1,125,109,122,107,2.45,2.1004,1.3,2.0414,5,183,2,8,2,1,2,3,0,0,0,0,0,0,0,0,0,0,0,0,0,0,0,214,8,6,1.45,4,1,0.45,0.01,NA,0.05,311,88,83,94,73,97
"312",0,86,1.7,0.81,0.88,76,24,0,0,0,0,100,5,4,2,0,179,1,5.98,2.49,5,7,1.45,487,4,1,5,2.486,5,1.65,14992,4,1,669.125,32,0.97,0.875,305,237,260,210,5.98,2.4857,2.83,2.3766,5,183,2,6,2,2,0,2,0,0,0,0,0,0,0,0,0,0,0,0,0,0,0,487,7,5,1.45,4,1,0.21,0.11,NA,0.99,312,86,61,61,91,98
"313",0,74,2.9,0.62,0.93,73,12,15,0,0,0,100,10,7,9,0,106,1,2.24,2.06,4,7,1.45,46,4,1,4,2.061,4,1.7,8971,4,1,565.818,33,0.97,0.933333333,114,95,112,93,2.24,2.0607,1.13,1.9823,4,110,3,16,5,2,0,9,0,0,0,0,0,0,0,0,0,0,0,0,0,0,0,46,7,10,1.45,4,1,NA,NA,NA,NA,313,74,100,100,82,98
"314",0,70,1.9,0.52,1,70,30,0,0,0,0,100,7,0,1,2,36,1,6.41,2.52,5,3,1.65,198,4,1,5,2.516,1,1.9,14595,4,1,651.724,29,0.94,1,327,154,140,106,6.41,2.5159,1.84,2.1903,5,40,2,3,0,0,2,1,0,0,0,0,0,0,0,0,0,0,0,0,0,0,0,198,3,7,1.65,4,1,0.15,0.1,NA,0.77,314,70,87,86,100,100
"315",0,95,0.8,0.94,1,95,5,0,0,0,0,100,11,8,3,0,179,1,5.9,2.48,4,5,1.5,42,4,1,4,2.48,1,1.8,9151,3,1,675.824,34,0.97,1,301,250,274,234,5.9,2.48,2.98,2.3997,4,183,2,11,5,3,0,3,0,0,0,0,0,0,0,0,0,0,0,0,0,0,0,42,5,11,1.5,4,1,0.2,0.02,NA,0.23,315,95,98,100,92,100
"316",0,90,1.5,0.87,1,90,10,0,0,0,0,100,2,1,2,0,154,1,7.59,2.59,5,8,1.4,210,4,1,5,2.589,7,1.55,7373,4,1,664.853,34,1,1,387,282,377,275,7.59,2.5888,3.36,2.4518,5,158,2,3,0,0,0,2,1,0,0,0,0,0,0,0,0,0,0,0,0,0,0,210,8,2,1.4,4,1,NA,NA,NA,NA,316,90,100,100,65,95
"317",0,81,2,0.71,0.94,79,21,0,0,0,0,100,21,11,9,0,25,1,7.08,2.56,6,2,1.75,481,5,1,6,2.559,2,1.75,16177,5,1,712.455,33,1,0.944444444,361,291,354,287,7.08,2.5587,3.47,2.4654,6,28,2,20,7,4,0,9,0,0,0,0,0,0,0,0,0,0,0,0,0,0,0,481,2,21,1.75,5,1,0.07,0.04,0.01,0.99,317,81,80,100,76,72
"318",0,65,2.3,0.36,0.67,49,51,0,0,0,0,100,7,5,5,0,40,1,1.84,1.98,6,0,1.85,443,6,1,6,1.978,0,1.9,13608,6,1,695.091,33,0.94,0.666666667,94,64,52,45,1.84,1.9777,0.76,1.8129,6,44,2,10,3,2,0,5,0,0,0,0,0,0,0,0,0,0,0,0,0,0,0,443,0,7,1.85,6,1,0.58,0.04,NA,0.58,318,65,71,76,54,62
"319",0,61,1.4,0.3,0.95,58,42,0,0,0,0,100,19,7,2,0,179,1,15.69,2.9,5,5,1.55,187,5,1,5,2.904,1,1.8,8653,5,1,773.879,33,0.94,0.947368421,800,596,610,480,15.69,2.9036,7.11,2.776,5,183,2,9,5,2,0,2,0,0,0,0,0,0,0,0,0,0,0,0,0,0,0,187,5,19,1.55,5,1,0.13,0.03,NA,0.55,319,61,75,84,95,99
"320",0,84,2,0.76,1,84,15,1,0,0,0,99,6,1,5,0,130,1,1.45,1.88,6,7,1.3,397,5,1,6,1.875,5,1.55,10316,5,1,647.182,33,0.97,1,74,53,65,49,1.45,1.8751,0.63,1.7324,6,134,2,6,1,0,0,5,0,0,0,0,0,0,0,0,0,0,0,0,0,0,0,397,7,6,1.3,5,1,NA,NA,NA,NA,320,84,91,96,91,100
"321",0,70,1.9,0.52,0.24,34,66,0,0,0,0,100,7,2,8,1,179,1,6.94,2.55,4,5,1.55,38,4,1,4,2.55,4,1.7,4661,4,1,626.452,31,0.94,0.235294118,354,269,321,250,6.94,2.5502,3.21,2.4314,4,183,2,11,2,0,1,8,0,0,0,0,0,0,0,0,0,0,0,0,0,0,0,38,5,7,1.55,4,1,0.16,0.04,0.03,0.84,321,70,68,89,53,84
"322",0,91,1.5,0.89,1,91,9,0,0,0,0,100,7,4,5,0,8,1,18.67,2.98,6,1,1.95,424,5,2,6,2.979,1,2.4,4092,5,2,682.097,31,0.94,1,952,700,873,652,18.67,2.9791,8.35,2.8457,6,8,2,10,3,1,0,5,0,0,1,0,0,0,0,0,0,0,0,0,0,0,0,424,1,7,1.95,5,2,NA,NA,NA,NA,322,91,100,100,97,100
"323",0,80,2.1,0.7,1,80,20,0,0,0,0,100,11,6,4,0,123,1,12.73,2.81,7,1,1.9,263,5,2,7,2.813,1,2.1,7696,5,2,703.25,32,0.97,1,649,476,533,432,12.73,2.8129,5.67,2.6785,7,127,2,10,5,1,0,4,0,0,0,0,0,0,0,0,0,0,0,0,0,0,0,263,1,11,1.9,5,2,0.09,0.21,NA,0.81,323,80,60,76,89,59
"324",0,65,2.1,0.39,0.57,43,57,0,0,0,0,100,9,6,7,0,179,1,13.88,2.85,3,38,1,36,3,1,3,2.851,18,1,2661,3,1,564.152,33,1,0.571428571,708,481,544,418,13.88,2.8506,5.73,2.683,3,183,2,13,5,1,0,7,0,0,0,0,0,0,0,0,0,0,0,0,0,0,0,36,38,9,1,3,1,0.05,0.16,NA,1,324,65,48,57,51,55
"325",0,62,1.6,0.38,0.88,60,38,2,0,0,0,98,20,8,8,0,113,1,14.75,2.88,3,38,1,36,3,1,3,2.877,19,1,2750,3,1,597.879,33,1,0.875,752,480,653,440,14.75,2.8768,5.72,2.6821,3,117,2,16,7,1,0,8,0,0,0,0,0,0,0,0,0,0,0,0,0,0,0,36,38,20,1,3,1,0.22,0.25,0.02,1.19,325,62,69,71,59,63
"326",0,98,0.7,0.98,1,98,2,0,0,0,0,100,3,1,3,0,120,1,3.14,2.21,3,41,1,38,3,1,3,2.207,16,1,4842,3,1,626,31,0.94,1,160,100,132,87,3.14,2.2068,1.19,2.0043,3,124,2,4,1,0,0,3,0,0,0,0,0,0,0,0,0,0,0,0,0,0,0,38,41,3,1,3,1,NA,NA,NA,NA,326,98,96,100,94,100
"327",0,66,1.7,0.44,0.81,58,42,1,0,0,0,99,5,0,2,2,179,1,2.39,2.09,4,22,1,201,3,1,4,2.09,12,1.2,5845,4,1,663.656,32,0.94,0.8125,122,93,96,79,2.39,2.0899,1.11,1.9731,4,183,2,4,0,0,2,2,0,0,0,0,0,0,0,0,0,0,0,0,0,0,0,201,22,5,1,3,1,0.09,0.14,0.03,1.31,327,66,58,61,51,70
"328",0,61,1.9,0.28,0.53,39,61,0,0,0,0,100,9,11,5,0,120,1,27,3.14,4,22,1,147,3,1,4,3.139,16,1,9175,3,1,580.969,32,0.97,0.529411765,1377,1053,1216,964,27,3.1392,12.55,3.0228,4,124,2,16,6,5,0,5,0,0,0,0,0,0,0,0,0,0,0,0,0,0,0,147,22,9,1,3,1,0.3,0.12,NA,0.93,328,61,51,52,88,96
"329",0,66,2,0.45,0.88,64,33,3,0,0,0,100,4,0,6,0,117,1,17.55,2.95,6,1,1.8,527,5,2,6,2.952,0,1.95,10477,5,2,651.258,31,0.97,0.875,895,409,576,292,17.55,2.9523,4.88,2.6128,6,121,3,6,0,0,0,6,0,0,0,0,0,0,0,0,0,0,0,0,0,0,0,527,1,4,1.8,5,2,0.16,0.18,NA,0.92,329,66,85,87,77,99
"330",0,61,1.6,0.31,0.93,57,43,0,0,0,0,100,3,4,0,0,179,1,12.27,2.8,4,12,1.1,125,4,1,4,2.797,9,1.3,9973,4,1,651.706,34,0.97,0.933333333,626,543,609,531,12.27,2.7973,6.47,2.7356,4,183,2,4,1,3,0,0,0,0,0,0,0,0,0,0,0,0,0,0,0,0,0,125,12,3,1.1,4,1,0.1,0.02,NA,0.67,330,61,70,53,95,99
"331",0,54,1.8,0.34,0.88,52,23,25,0,0,0,100,18,3,4,5,38,1,8.88,2.66,6,13,1.3,1481,6,2,6,2.657,7,1.65,18736,5,2,664.333,33,0.94,0.882352941,453,380,412,353,8.88,2.6571,4.53,2.5809,6,42,3,12,3,0,5,4,0,0,0,0,0,0,0,0,0,0,0,0,0,0,0,1481,13,18,1.3,6,2,0.13,0.06,NA,0.45,331,54,86,86,61,47
"332",0,67,1.8,0.45,0.82,58,42,0,0,0,0,100,8,2,2,3,35,1,10.24,2.72,5,6,1.45,251,4,1,5,2.719,4,1.65,12098,4,1,653.438,32,0.97,0.823529412,522,386,504,381,10.24,2.7185,4.6,2.5877,5,39,2,7,1,1,3,2,0,0,0,0,0,0,0,0,0,0,0,0,0,0,0,251,6,8,1.45,4,1,NA,NA,NA,NA,332,67,95,97,77,77
"333",0,96,1.3,0.96,1,96,3,1,0,0,0,99,13,4,3,0,101,1,84.08,3.63,4,17,1,116,4,1,4,3.632,13,1.25,12449,4,1,520.625,32,0.94,1,4288,2095,4126,2053,84.08,3.6324,24.98,3.3214,4,105,2,7,1,3,0,3,0,0,0,0,0,0,0,0,0,0,0,0,0,0,0,116,17,13,1,4,1,NA,NA,NA,NA,333,96,89,100,90,100
"334",0,70,1.9,0.55,0.78,61,35,4,0,0,0,100,8,5,4,0,179,1,7.25,2.57,4,16,1,121,3,1,4,2.569,10,1.25,8011,3,1,750.606,33,0.97,0.777777778,370,204,286,184,7.25,2.5694,2.43,2.3118,4,183,3,9,3,2,0,4,0,0,0,0,0,0,0,0,0,0,0,0,0,0,0,121,16,8,1,3,1,0.13,0.29,0.02,1.22,334,70,36,52,69,63
"335",0,47,1.9,0.26,0.31,24,24,42,10,0,0,100,14,11,9,0,73,1,27.63,3.15,3,28,1,26,3,1,3,3.149,16,1.1,5303,3,1,615.788,33,0.97,0.3125,1409,1031,1326,995,27.63,3.1492,12.29,3.0137,3,77,4,20,7,4,0,9,0,0,0,0,0,0,0,0,0,0,0,0,0,0,0,26,28,14,1,3,1,0.17,0.12,0.05,1.7,335,47,40,59,58,90
"336",0,62,1.8,0.31,0.56,42,58,0,0,0,0,100,5,4,1,0,91,1,12.37,2.8,4,18,1,121,4,2,4,2.801,11,1.25,10128,3,1,591.344,32,0.94,0.5625,631,383,589,371,12.37,2.8007,4.57,2.5843,4,95,2,5,2,2,0,1,0,0,0,0,0,0,0,0,0,0,0,0,0,0,0,121,18,5,1,4,2,0.25,0.01,NA,0.31,336,62,92,96,64,64
"337",0,61,1.5,0.31,0.89,59,41,0,0,0,0,100,6,5,4,0,156,1,33.47,3.23,5,3,1.7,241,4,1,5,3.233,3,1.85,6803,4,1,600.882,34,1,0.888888889,1707,1104,1614,1063,33.47,3.2325,13.16,3.0434,5,160,2,9,3,2,0,4,0,0,0,0,0,0,0,0,0,0,0,0,0,0,0,241,3,6,1.7,4,1,0.33,0.03,NA,0.45,337,61,98,100,87,75
"338",0,87,2.1,0.81,1,87,13,0,0,0,0,100,2,0,2,0,146,1,3.88,2.3,7,4,1.7,1681,6,2,7,2.299,3,1.85,17360,5,2,595.125,32,1,1,198,118,184,113,3.88,2.2989,1.41,2.0755,7,150,2,2,0,0,0,2,0,0,0,0,0,0,0,0,0,0,0,0,0,0,0,1681,4,2,1.7,6,2,NA,NA,NA,NA,338,87,72,100,87,60
"339",0,70,2.6,0.46,0.86,62,38,0,0,0,0,100,2,2,2,0,21,1,1,1.72,4,9,1.25,104,3,1,4,1.716,7,1.6,3148,3,1,650.241,29,0.88,0.857142857,51,48,49,46,1,1.716,0.57,1.6902,4,24,2,4,0,2,0,2,0,0,0,0,0,0,0,0,0,0,0,0,0,0,0,104,9,2,1.25,3,1,NA,NA,NA,NA,339,70,71,100,74,98
"340",0,80,2.2,0.69,0.11,20,80,0,0,0,0,100,5,3,4,0,33,1,3.35,2.24,4,18,1,189,3,1,4,2.236,12,1.25,4281,3,1,666.724,29,0.85,0.105263158,171,151,155,139,3.35,2.2355,1.8,2.1818,4,36,2,7,2,1,0,4,0,0,0,0,0,0,0,0,0,0,0,0,0,0,0,189,18,5,1,3,1,0.27,0.03,0.01,0.26,340,80,73,100,80,99
"341",0,91,2,0.87,1,91,9,0,0,0,0,100,2,1,5,1,28,1,5.78,2.47,3,35,1,35,2,1,3,2.471,17,1,2052,2,1,716.037,27,0.87,1,295,196,273,183,5.78,2.4713,2.34,2.2945,3,31,2,7,1,0,1,5,0,0,0,0,0,0,0,0,0,0,0,0,0,0,0,35,35,2,1,2,1,NA,NA,NA,NA,341,91,100,100,94,99
"342",0,95,1.1,0.94,1,95,5,0,0,0,0,100,4,2,2,0,157,1,22.84,3.07,5,13,1.2,445,4,2,5,3.067,10,1.45,8698,3,1,651.219,32,0.94,1,1165,540,696,387,22.84,3.0667,6.44,2.7332,5,161,2,4,0,2,0,2,0,0,0,0,0,0,0,0,0,0,0,0,0,0,0,445,13,4,1.2,4,2,NA,NA,NA,NA,342,95,78,100,71,99
"343",0,94,1.2,0.92,1,94,6,0,0,0,0,100,14,7,5,0,15,1,19.39,3,5,7,1.35,294,4,1,5,2.996,6,1.45,7894,4,1,603.879,33,1,1,989,699,860,646,19.39,2.9956,8.33,2.8451,5,18,2,12,5,2,0,5,0,0,0,0,0,0,0,0,0,0,0,0,0,0,0,294,7,14,1.35,4,1,0.14,0.04,0.02,1.16,343,94,94,100,92,100
"344",0,90,1.9,0.9,1,90,7,3,0,0,0,100,12,5,9,0,179,1,23.84,3.09,4,9,1.25,102,4,1,4,3.085,5,1.5,5671,4,1,593.719,32,0.94,1,1216,806,1107,757,23.84,3.0853,9.61,2.9069,4,183,3,14,4,1,0,9,0,0,0,0,0,0,0,0,0,0,0,0,0,0,0,102,9,12,1.25,4,1,NA,NA,NA,NA,344,90,96,100,83,89
"345",0,89,2.5,0.84,1,89,6,4,0,0,0,96,3,6,6,0,173,1,72.86,3.57,5,4,1.6,194,4,1,5,3.57,4,1.65,3738,4,1,567.147,34,1,1,3716,1555,3571,1537,72.86,3.5702,18.54,3.192,5,177,2,12,2,4,0,6,0,0,0,0,0,0,0,0,0,0,0,0,0,0,0,194,4,3,1.6,4,1,NA,NA,NA,NA,345,89,100,100,95,100
"346",0,98,0.5,0.98,1,98,2,0,0,0,0,100,4,0,4,0,179,1,8,2.61,4,6,1.5,111,4,2,4,2.612,2,1.9,4022,4,2,590.452,31,0.91,1,408,244,317,206,8,2.6117,2.91,2.3892,4,183,2,4,0,0,0,4,0,0,0,0,0,0,0,0,0,0,0,0,0,0,0,111,6,4,1.5,4,2,NA,NA,NA,NA,346,98,97,100,85,98
"347",0,94,0.8,0.94,0,6,94,0,0,0,0,100,4,0,2,0,139,1,51.78,3.42,3,25,1,25,3,1,3,3.422,9,1.4,3960,3,1,555.171,35,1,0,2641,915,1250,565,51.78,3.4219,10.91,2.9619,3,143,2,2,0,0,0,2,0,0,0,0,0,0,0,0,0,0,0,0,0,0,0,25,25,4,1,3,1,NA,NA,NA,NA,347,94,100,100,69,82
"348",0,73,1.6,0.6,0.53,46,54,0,0,0,0,100,6,6,5,0,120,1,12.04,2.79,5,4,1.75,114,4,1,5,2.789,1,1.9,2351,4,1,641.581,31,0.94,0.526315789,614,237,588,231,12.04,2.7889,2.83,2.3766,5,124,2,11,3,3,0,5,0,0,0,0,0,0,0,0,0,0,0,0,0,0,0,114,4,6,1.75,4,1,0.38,0.07,NA,0.77,348,73,52,81,79,53
"349",0,80,2.3,0.69,0.93,80,20,0,0,0,0,100,5,1,4,0,77,1,4.67,2.38,5,7,1.5,271,3,1,5,2.378,3,1.7,11573,3,1,746.424,33,0.97,0.933333333,238,170,219,155,4.67,2.3784,2.03,2.233,5,81,2,5,1,0,0,4,0,0,0,0,0,0,0,0,0,0,0,0,0,0,0,271,7,5,1.5,3,1,NA,NA,NA,NA,349,80,96,100,61,97
"350",0,61,1.7,0.31,0.94,60,40,0,0,0,0,100,6,2,2,0,81,1,5.8,2.47,3,22,1,23,3,1,3,2.473,13,1.2,3265,3,1,665.75,32,0.97,0.941176471,296,193,288,189,5.8,2.4728,2.3,2.2878,3,85,2,4,2,0,0,2,0,0,0,0,0,0,0,0,0,0,0,0,0,0,0,23,22,6,1,3,1,NA,NA,NA,NA,350,61,91,91,69,55
"351",0,85,2.4,0.76,0.93,78,22,0,0,0,0,100,2,1,6,0,30,1,18.63,2.98,4,17,1,83,3,1,4,2.978,8,1.35,4701,3,1,671.242,33,0.97,0.928571429,950,505,550,354,18.63,2.9782,6.02,2.7042,4,33,2,7,0,0,0,6,1,0,0,0,0,0,0,0,0,0,0,0,0,0,0,83,17,2,1,3,1,0.15,0.21,0.14,1.9,351,85,100,40,98,100
"352",0,80,2.2,0.71,0.93,80,17,3,0,0,0,97,4,4,4,0,117,1,9.04,2.66,3,19,1,21,4,1,3,2.665,9,1.45,758,4,1,638.152,33,0.97,0.933333333,461,277,394,266,9.04,2.6646,3.3,2.444,3,121,2,8,1,3,0,4,0,0,0,0,0,0,0,0,0,0,0,0,0,0,0,21,19,4,1,4,1,0.17,0.01,NA,0.05,352,80,62,100,70,63
"353",0,97,1.3,0.95,0.94,96,1,4,0,0,0,96,4,3,4,0,157,1,11.76,2.78,4,17,1,156,3,1,4,2.779,11,1.3,5839,3,1,583.939,33,0.94,0.941176471,600,286,567,274,11.76,2.7789,3.41,2.4579,4,161,2,7,2,1,0,4,0,0,0,0,0,0,0,0,0,0,0,0,0,0,0,156,17,4,1,3,1,NA,NA,NA,NA,353,97,92,100,94,100
"354",0,76,2.1,0.65,0.8,66,32,2,0,0,0,98,3,2,1,0,174,1,11.25,2.76,5,4,1.6,236,3,1,5,2.76,3,1.75,7857,4,1,649.914,35,1,0.8,574,231,459,209,11.25,2.7597,2.75,2.3655,5,178,2,3,1,1,0,1,0,0,0,0,0,0,0,0,0,0,0,0,0,0,0,236,4,3,1.6,3,1,NA,NA,NA,NA,354,76,85,100,82,100
"355",1,69,2.4,0.46,0.93,64,36,0,0,0,0,100,15,14,11,0,107,1,59.37,3.48,4,19,1,166,4,1,4,3.481,12,1.25,9125,4,1,559.156,32,1,0.933333333,3028,1818,2731,1702,59.37,3.4813,21.67,3.2598,4,111,2,25,9,5,0,11,0,0,0,0,0,0,0,0,0,0,0,0,0,0,0,166,19,15,1,4,1,0.17,0.02,NA,0.42,355,69,78,100,59,84
"356",0,86,2,0.8,0.94,85,15,0,0,0,0,100,7,0,1,5,29,1,28.47,3.16,4,14,1.05,101,3,1,4,3.162,10,1.45,5258,3,1,650.971,34,1,0.941176471,1452,1046,1278,963,28.47,3.1623,12.47,3.0199,4,32,2,6,0,0,5,1,0,0,0,0,0,0,0,0,0,0,0,0,0,0,0,101,14,7,1.05,3,1,NA,NA,NA,NA,356,86,98,100,89,98
"357",0,94,1.3,0.93,1,94,6,0,0,0,0,100,3,0,5,0,179,1,5.92,2.48,3,25,1,24,3,1,3,2.481,11,1.1,2645,3,1,658.607,28,0.85,1,302,227,287,219,5.92,2.4814,2.71,2.3579,3,183,2,5,0,0,0,5,0,0,0,0,0,0,0,0,0,0,0,0,0,0,0,24,25,3,1,3,1,NA,NA,NA,NA,357,94,96,100,66,97
"358",1,76,2.3,0.61,0.89,73,27,0,0,0,0,100,7,3,2,0,137,1,26.53,3.13,5,8,1.55,197,4,1,5,3.132,8,1.55,5631,4,1,575.941,34,1,0.888888889,1353,937,1316,926,26.53,3.1316,11.17,2.9722,5,141,2,5,1,1,0,2,1,0,0,0,0,0,0,0,0,0,0,0,0,0,0,197,8,7,1.55,4,1,0.29,0.07,NA,0.71,358,76,94,95,87,95
"359",0,96,1.2,0.94,1,96,4,0,0,0,0,100,7,3,3,0,179,1,1.88,1.99,7,2,1.75,658,5,2,7,1.987,2,2.1,13727,5,2,652.471,34,1,1,96,81,92,79,1.88,1.9868,0.97,1.9138,7,183,2,6,2,1,0,3,0,0,0,0,0,0,0,0,0,0,0,0,0,0,0,658,2,7,1.75,5,2,NA,NA,NA,NA,359,96,52,100,51,57
"360",0,58,2,0.24,0.68,42,56,2,0,0,0,98,9,1,5,0,135,1,25.06,3.11,4,14,1.15,168,3,1,4,3.107,6,1.65,3707,4,1,623.469,32,1,0.684210526,1278,776,1093,714,25.06,3.1069,9.25,2.8904,4,139,2,6,1,0,0,5,0,0,0,0,0,0,0,0,0,0,0,0,0,0,0,168,14,9,1.15,3,1,0.14,0.15,NA,0.9,360,58,66,77,96,98
